ff0d7222
161ef63b
0c62e7e8
ccfba194
fc7c2bab
0dcf22ca
4c5c3121
dacec527
d9b9edbf
bb70fbce
51202abb
235cfb97
23dfe72b
94970490
f22b157e
02cc1855
624ac70b
ea9df127
e5e5ff99
c5515abb
2996ed79
171de329
0774a33e
df053edb
01892792
1f953e92
f885a50a
ea68e1d1
d95cec9d
396f5c67
19c1000e
1443f152
9fc7c59c
fc1119d7
0a6515cd
6d6004c1
db82e5e0
dce2faa0
ade329d8
45bffdc9
248fe9d5
26b7c40a
b3af3430
f1fc22ae
04c12c75
32d5a1d4
f09fe998
e714f663
fef7702c
16e8f580
0e10e89e
ce01a1e6
fafe2c2f
0de3212d
4c2a3344
daa0c674
dc07ec47
ba0ffbbf
53522795
238af96d
22a0e691
936804c1
f21d16c2
03ad15f3
61d5c6c7
eafaf0de
e4effef0
c7375bc0
27daecf6
1589e2fe
05c8a456
dff73df8
00ec2982
1ff63d7c
f9c3a382
e8c2e40e
d9e3efc0
38d25ac8
1b2b0078
13e7f0f5
9c8ac647
fb9a17ee
0d6d16f1
6ae50532
dbcce602
db90fa29
ae692937
4464fa7d
2255ea0a
26e5c59c
b37532c0
f37921bc
06692c97
3133a060
f411e881
e898f624
02227212
156df6b4
0c5fe83e
cdb9a0d8
fe9c2a49
0dff2206
4c2232cd
d981c5c2
dc99ec57
b9e6fd60
51a82912
2443f9b5
23c8e744
938d04a1
f2d51637
03e91898
639bc735
ec6af0ed
e4fc01a8
c7a45aff
27dbec1e
1621e486
0612a4fd
e00c3fbc
ffb42806
20ac3d25
f9cda4b6
e7b9e3d4
d942eca1
3ac35ade
19aeff32
14a6f184
f54566ed
2e20ed4b
ec25e2e2
db40aa0e
ee593b66
2f5f151b
38bf2eb5
e0acb702
c6da0532
d40ef2e5
4fbe343d
2963d9ea
0e0ffd2d
9724fc48
fc343238
0937f53b
5e10d402
da54e037
f1d22290
c5e84a71
3ba9f204
fa4ecca2
0ce5b8e3
d12d3ee2
21492d2f
0d072bf1
0241a111
cb4ef0b9
f5eaf2dc
31d35f8f
2bcee9e1
f386fcb2
a837c3d1
fa313103
2225fa03
5d5e0cec
d6f5d2a4
d5271d02
bb7a16fb
4f0f0842
17f2c95a
2050e03b
aaf12bf7
0c15366a
fa710e9a
3896a76a
d544e3d4
039c0c06
f90068ef
2d5dec8f
e868e3a7
dd49a92f
ec573a93
2e721570
35f22fc0
e0e7b606
c6dc0924
d3d5f2c9
505934ca
2ad8d949
0f3cfedf
9628fb1f
fe1f33f2
094bf782
5f46d31d
d955e06a
f1fa2280
c8394a8f
3c40f2cc
fbddcbd7
0ea5b8c8
d2453e74
22a62f89
0bc82d44
0606a01c
cb19ee48
f502f30a
2edd5c2a
2d40e84a
f408fb75
a8fac55e
fa1d32c4
2575fbe6
5cce0c8e
d7aad24b
d4ef1eb6
bb5a18af
4e620a5a
1781cb80
1ebde015
a8912bf9
0c4235bb
fd450f30
38a0a6dc
d668e22a
01630bba
f7f46847
2e26ee32
eaf9e161
dad4a936
ee6b3a45
2eb513cc
36f92f59
e042b611
c6c3052e
d208f473
516f3325
291eda50
1095fcf9
977dfa60
fce2327c
080bf914
5f57d3a7
d927df6d
f00821a4
c5ad4aa8
3cbaf249
faffcac6
0ce5ba80
cee63fc2
22322e0d
0b202df8
03a1a0df
c8f2effa
f605f1e9
31a35d7b
2dd4ea07
f1e2fbbf
f65f508e
3c64f191
ca5cd1c6
e9bdc1f0
e35138d1
50641484
19c71fb0
eb41ba5f
acff15c5
f650f354
43713118
3510c3d0
f0761125
a9faf85a
fa2f4511
1af1d631
4830e019
d57dd482
f3ba45d3
d6ca3202
3faafa0e
e872b04a
0f58d7d4
ccd8364d
3bc23a86
f9c80c92
0993ad23
b029ef25
14c504ec
23d14e29
3cdfe2a7
cf45fe65
bd00d118
edfb3a2f
44c0e970
3e7d0cff
dc5ecb43
c4f43bec
d7ad0774
484b1133
1770ae48
0e5efd1c
b2aa2166
184e4bd2
fb23ecee
3138b97d
c67bd98e
14a52ce0
f6985012
3b94ef54
ca03cffa
eb3bc226
e3ff37b5
504b16ad
1922205b
e8ffba74
ac281592
f72af591
43ac3014
3562c435
f152100f
a7d7f648
fb84460c
1ae6d8f8
4970de9c
d47dd2b4
f4d34402
d52331d7
3eccfb65
ea88b084
0e02d836
cdd33647
3d553c71
faf50d3f
0aa7ad80
b332ece8
14d80579
22fa4fcc
3dbbde2e
cf43fc5f
be76cec4
eeb53bc0
4213e850
40ba0c78
db0cca0e
c8983b4a
d7be06b1
4869119f
163aadd3
0d96fe8e
b3db21f7
15e54a72
fa80ea7c
30bab80b
c683d96c
180d2c77
f6ca4fff
3c34efc3
ca7ed1ad
eb98c363
e5183b76
503d160d
1a672234
eb0fb8c8
ad5f155f
fa1ef48f
445b3200
3541c3ee
f0730e78
a9e7f973
faf045e8
1aa2d8d2
4ba9ddff
d39ed09d
f33f4400
d46d312f
40edfa29
eb2ab0cd
0d6ad6f5
cd07356b
3c283b52
fc3c0c28
0afdadf3
b2f4ee8c
14fa07be
23ba4ecc
3ef9e1a2
ceabfbe1
01d330f3
3804fd00
b7e8bdb3
f00ce47f
e414299c
65141a87
0261054e
f043cd9a
9ca518b3
17ecff08
34b81f64
4224be35
cfa117aa
c5a30181
f2ca4a16
3368c1d1
2998e6e6
dea6d02a
eb725ffd
f1e61c0f
31e301cd
e59b9a11
01b5fc10
dc2f2791
47714b72
f1d3ec36
ffd2c421
a690e63e
2ca91f54
1fcb323e
44c0e733
b131f312
d49de9ec
e6723511
5b89e588
1d9f013f
e8d3d2f7
b4804967
faca0196
32ee09ea
1e739ca7
f3201598
cc401c9f
14b259ca
0476c963
1af5ca22
c9ded073
1bf14b7d
02bf3077
3a08f8b4
bb16bce1
f07ce446
e41e28ca
66f11b63
05830286
f053cc9d
9b1f1477
1a5cff96
32201cdd
409fc139
d00b16a7
c46b03ea
f4304998
3239c206
29bbe798
e048ceee
eab85d57
ee001bda
324b0246
e79399fa
038ff98b
dc10286a
470249c6
f1ceebf2
0426c3dd
a8f5e611
2d751e7a
1fc43120
4677e877
b39bf313
d3bde8e9
e65433e3
5d0ae33c
1df3019e
e948d211
b41a492c
fcbd0083
36030c00
1f369fb2
f49113f5
cd9a1bb8
16d0587c
0267cabd
1ad4ca57
c6cacf76
1af94ac8
01182ee4
3995fb76
b9b2becd
f083e342
e67c2956
64541df2
049a04b0
f123cb0e
9ad418a4
16d8fffe
33da1ea1
4299c16a
d093166f
c38500ed
f3d64998
329bc1a9
293ee37a
dfb3d1ef
eab05f61
f1a91abe
32d50213
e5ab9bb1
027cfa18
dec827e7
461849f0
f444ea5a
0201c44f
a71fe554
2d9e1e88
1ea13045
4683e32f
b216f2ec
1ae91680
265605bf
b5beac9d
ebfa0776
f582166c
68a22618
f679e695
e9a6eabb
97450e35
2f7b13e7
2920fd1f
446fcd2a
b6f11400
dfaa1920
e93939ed
468bbbaa
0510dd6f
f09ade93
de4d68ca
10a00daf
1836fdde
ec6c91f8
edb2142c
f94f1e1a
3d0e5214
f6a8cd41
ea9fdf45
b149de1d
33dc381b
262f0e65
3e33f7c7
a005e44d
e0c7098c
e7a21ca7
6b6ae94f
0391ea28
f2f0eb2e
a9c0478c
1ab2058e
1e7df6eb
270da078
d8f21ee2
ebc0223f
0ad454ad
14a0b75c
fa4fd817
d8efcf5c
16485d18
17461746
275d04ab
b8b4acd6
ebe20752
f5ca1836
6a5a2749
f672e70f
e9b5ec6f
98bd0bae
308712b6
280dfe91
455accf4
b6c6131c
dfd819f3
ea923a39
4510bcad
036cdfd8
f11eded9
dd04688c
11580d79
1780fcc3
eef0909f
ee4b1621
f8841ed2
415351d7
f757ccd9
e865dde1
b168dcc9
375a368c
24d90dda
3d67f6e8
a180e5c6
e0360c1a
e9111e2a
6b5ce7e2
0302e9f9
f2c9ee2a
a94e4859
1a7305df
1d40f5a0
27d19f8f
d6c01fe5
edfa2295
0b585620
141db52f
f99bd6b7
d876d033
16dc5ffa
199e153e
27530406
b743ac94
eb630737
f65e1563
6b622718
f82de4b3
eaf6ec4e
989c0d37
305513f5
2680fe82
4439cccc
b5bd132d
e1021a94
eb833a0a
44eabbce
05bfe238
f1f8dd17
de2268bc
119e0ddd
1835fd76
ec92910b
ee0214fa
fab01d3f
3fa45338
f76fcc30
ea1edebf
afb5ddbe
34593823
23cc0ee9
3e9ff621
a339e3f8
3404016a
05430464
bfa5aa2a
dd0a235e
141b04ee
5e5d2c9a
f5e4caa1
d8c90a6e
a7090264
39d12521
260cdc0e
3b0be0b8
a8ad095e
f2d038a9
e8e21f10
4f2cc5ec
e6ead1ab
00eef877
d56464f9
2eb00b5e
f9daedd6
f766985d
d81b206a
1ca31cff
2fe74cc9
0345bd4c
cc30f0e7
c7cbdc48
32454533
3749f08b
24ea036c
a2c1dc7e
e2352bd2
f74402df
69e1f35a
f4d7d2d7
f1090de6
ab833c29
31aa127e
0993d8b9
29d5b1e7
c3231fdb
0d693452
fd5d41d0
23c3b131
d45eda9a
efeede08
0d7062db
3506048d
067104b4
c05faab0
de302234
14780487
5c3e2bc0
f786cbd2
d7dd0a33
a6fe02e3
38e823e7
2529dbd5
3bd6def8
aaec0780
f26439c5
e88a1d2c
4ea2c1a1
ea56d2d8
fef4f79d
d4c9621f
2f870c65
fb3bed90
f7f39902
d87721f2
1bfe1d48
2cf44a96
021fbcc1
cbabf22b
c843db47
3324459f
36eaee4a
25fe047d
a2ecd9bc
e2122a7c
f75a01e3
6bfbf3c5
f496cfd7
f1c50e73
a9c03ae4
31ce11aa
0ac0d984
29b9b17d
c32e1f05
0db73318
fe2d40b4
23f3b0e3
d697da26
f019de41
0cc46344
354d0549
03630440
bfe8abbe
dfe120de
12940519
5d872cb9
f750cd01
d7a70af2
a4330244
38f3237c
27d4dc18
3951e112
aa3c07eb
f11537bb
ea321e44
4d32c091
eaf6d212
ff55f9d5
d66b62d5
2cf10e02
fb2ded62
f73298e1
d7f8214e
1d231ae4
2c9f4ba9
00ffbce0
ca00f1b7
c9d4dc3d
327a4669
36c0f05e
26730372
a1ced8e9
4af70105
e332fa90
ce3cb826
ce172c47
3806fa99
459a23f1
ff9fc19c
c15a20cc
c2c6fde4
336f2b99
2f2dbd68
2119f57e
b1d7ffc9
f8f8518b
f39bfea6
4866ccce
da7dbe64
08ba1c51
d9a34d8e
3d49153d
e43bd18a
fd82b0c9
c9641ed0
3dce2899
1b7634f6
0c67bd7c
adb2f92e
e6bde7b5
2650452e
4bc3dbbf
036e0965
b342da17
d9804106
1327ebde
58faf85d
ef77c030
e84d3116
bce82974
36e61bcd
0284b6b5
2199cd41
c0ef16b4
21cf4bf7
f6b322a4
2659bb5a
bcc3d2d2
0893f7a5
05bd5713
4adb0089
e53bf6f2
cd50b788
d08b2a90
3755fb6f
44fb25fc
01e7c1d9
bf5c24b1
c2a0ff06
34192a63
30c6bdb6
2295f500
b16a01b5
f96351c6
f5e2fdfa
4892cfa9
d9debdca
07111caa
dc8f5181
3d0114c7
e364d1f3
fd49b0a5
c9c220ba
3e3b281b
1bed3482
0c09be28
ae1af907
e6dce89e
26e741ef
4a91dc29
032008fc
b32cdb29
da744147
1311ea39
57f9f8b1
f2d8bf61
e7792fab
bc8f2a62
34d91f10
02c4b8c3
21cacdee
c0e715fb
23a24b61
f914217c
2708bb6c
bb65d2ef
072af721
063f5551
4d3501c6
e3c5f7f5
cf43b826
cda92cdf
3579fc8c
45f2258c
ffedc1b1
bc9f2282
c458fbbe
33032c83
2fe8ba95
20dff475
b305ff39
f99550e2
f383faf6
46dccd4f
db3cc172
09fc1c12
da904f64
3dfa14d9
e2dbd2cd
ff17b194
c9ee1f6e
3f6a292b
1d47378c
0befbdf4
acd3f975
e74ee881
254943a4
4ac8dbdf
01bb0ad4
b2dcda03
55e806c3
c946e47f
d9cfd2ca
c5ed2638
55a40076
2c0d1086
0819cb65
a70f29a3
e5ee02df
24602367
3c79aaff
01d104d6
c791020e
f35c62af
09bfe0e7
2f58d9fa
da49b183
05173ae8
ef523a38
3d5a1f10
d7e8b4ad
f87ccf60
cd2c137d
525836b2
0f35155a
0cf6d00b
9794f439
0367ff95
1ea62ff9
5b51d92b
e1c3073f
c71fea98
cffa465f
3295de77
3afdf32d
fac0bb2b
d45849b2
ddfb1d86
2a172270
05739e3c
0bade830
cebc0be1
29dd5fb5
fc77ffa1
1a8ecd8a
b21ac528
1544177c
0a8c3b3f
55650614
c965e3f3
d90dd43c
c75e2715
54bc02bd
2b3b0f26
091dcb98
a67b2a88
e4840120
239424b1
3f15ac15
ff6d05f6
c7c80495
f50c6055
0bc7e275
2f3ad984
dbaab1d1
044b3b24
eda437ab
3dd81ddc
d765b628
f6f2d3b9
cd9a14e2
5423347c
0d01148b
0ed8ce9f
969af50b
03b0ff29
1dce3229
5d13d921
e17505a8
c619ea93
ce624647
3210df5b
3a02f17c
fb75bb5c
d4fc4a18
dbe01ed4
2b0022d2
04d39b35
0994e99d
cf160d2a
299b6060
fbc6002c
1a3bccb3
b22bc573
15c91905
0b883d3b
55b0084c
c759e4b9
d9b2d55e
c6a52901
53be00b0
2cfe0fbe
084dcaaf
a5522b96
e7970146
236d23fa
3e84ad26
009a0361
c7e803b9
f3d862fb
0b82e0db
2eedd941
d9d9b268
03bf3d2b
ecdb3828
3e0f1e9b
d5d9b5f8
f86fd1bd
ccdd12ba
527d37e0
0e331618
0ca6cbc4
98e6f385
033cfe6b
1d4f3197
5c81d970
de78056e
c69eeafa
4e1a1059
bbc0cede
da2df81b
cc6615d2
66520bd0
179cf236
0a47e040
97c12873
06391322
15ad0e48
49aaac26
dd9503d3
e30a103f
ebe0615f
2603cf23
0c08d9a5
e808b427
f97a536b
0c1f2561
2afb200b
d6f3a2e3
e636f14c
e0970775
597b4856
0d80f276
feece6c5
9260e8e2
15161a03
1fb60fe6
5e45e272
c60df81a
d9330af4
c9383aa7
4c05db5b
1a45e2a1
07f8cbbd
c2da5254
025e1cb4
162916f6
120b9046
ec49fc53
e91f0d81
25c167dd
0c00e117
ff1edd10
b617bcd3
165438a0
1c601ea4
4e7f115d
bc2ad025
d8abf853
cd45161b
66190a38
17bef0dd
0a53df83
96272a36
050211b7
15810c6e
4a7babe9
df5305a6
e2c612b8
e8946298
2387d1d3
0a80d7df
e829b58c
f71955a3
0c032406
2bd92124
d7eb9f1e
e6eaf0f3
e09d0762
58844686
0bd4f2a9
00cae6f9
9107eb96
14ae1ae6
1ddc126e
5e84e293
c4ebf918
d76307ee
cab53b9e
4d2bdb9e
1b2ce2df
06facb67
c3b85318
00011c7b
17ea1b4f
0fb490d4
ea95fc8c
e87b0c77
25256a11
09eae00a
ff76dc87
b649bd49
1794356c
1aac1ec4
4e090fd0
bb25d0f2
daf1f863
cbc315b9
66a90cda
16baf051
096fe030
98152936
051c1223
17c10c5f
4997ac8e
df110831
e2171174
ebb06016
2427cfc2
0ca3d7c3
e838b433
f7ea53bf
0d3d251c
2b892282
d633a16e
e5d1f211
e0e60831
57f745f0
0db2f329
ffa1e38c
926bec10
1480184e
1e5810e1
5f8ee33f
c657f724
d8800679
369f14ba
be40c1e4
cee11a25
e13602dd
668a169f
123ad1e6
fe45ffdb
9aa92091
1aa425d3
0eccebcb
4869b848
c97ffe24
f8d72bb8
e3a34fb0
36fdcf80
ea84ce7c
f822c4df
eb2a5831
2e5b1daf
11f419ba
e06f9d32
cfee0803
fe150343
4dd24904
1555d6af
e699fbb8
a08ee5a9
1b19307c
2a78ee21
51f2f062
b9dae743
dfb32b5d
d14022d8
5708e452
01f1ca9c
0c95e4aa
bb3e4e0c
1f9f265f
024c00f5
1a05991c
d1e404d7
09c01763
1927617c
1e7cd1f8
dcdde554
ca72c25c
0dda46e3
37270691
3668147c
bc32c2cb
d0d01a24
e43f0321
651a157f
0e80d372
fff3ff52
99131d89
1a772650
0ecdec17
4a0dbafd
c98dff07
fc422cf9
e3d24eb8
361bcddc
ea7fce7b
f9afc687
ec9b5a86
2fb11c3e
113f1623
e12b9cf2
cf65083f
fec4ff14
4ead4b0b
164ed52a
e342fd00
9dbde3c9
1ab131ba
2829ed35
50b6f0ad
bb12e9b2
e06e2b4c
d08f2433
562fe5e6
03b1c8f2
0ddee2fd
b9b64ce5
1f3c253d
01fafff5
18c39726
d0b103ec
0bba16c2
18d761e3
1ce8d197
db10e566
c8ffc17b
0e3647ce
35bf061d
3551170c
bccdc1ff
d03e1998
e23a011f
641f143e
0f65d1dd
ff11fef1
989f1f05
18f926b7
1042e9d7
4963ba3c
caf9fd9d
fb822a38
e4705000
3624cf64
eb75ce19
f89ec2fb
ea975a1a
2f291bcf
10bc1797
e0819c24
cecd077e
006900b3
4ddc499f
14dad796
e671fd85
9ea8e39d
1ae12fd9
297def30
51a4ef41
ba2be94a
df732bab
14131247
c764c354
c1282f87
03d1f4ca
588d1620
163dbc59
ea451be8
abb816be
1cdb39c3
1422c873
37a8cdbc
c18cf232
08364992
e6f03137
3ae0d984
d1f9bbc9
043ae4f6
e6654cd4
4aa6214c
f6030253
e6e7a86c
bad80f46
22510686
3bc33dd8
2096c981
c83f0980
ba24e802
14283b9f
3db4d346
34f3fb23
c148e049
dd5e4a2b
e4b6095d
502beeb3
f786b12a
06f907f2
c0ca3fcc
30f63495
f3bedf41
17e8ad37
c187fdba
268f2e6e
0f1448be
2a1bd08c
ba91e337
dfc6d4b5
052b4655
50a3f920
14ae1382
c77dc20b
bf242e97
037df580
559a1773
1246bbae
e7a41c23
ab571581
1e3335f3
127dc970
3965ccb2
c2c1f349
084349f1
e7e430d6
3c5cd7fb
d027bab4
0533e45c
e8914d77
49b02243
f5e70327
e864a8a7
baf70fd0
23a4059b
3c213cd4
22afc967
c6f40cc8
ba31e6a1
134938dc
3d53d335
3547fb01
c0c2e15c
dbaf4950
e716098b
508cee54
f873b1ee
07df08fa
c0603ec9
31303421
f25ddf6b
1840ab53
c1bbfd8c
283f2d7a
0e4a4a15
289dd0e8
bb52e223
e020d2c0
05934854
51a1f96f
14491048
c87dc253
c1702f0f
039cf53e
56dd1890
13a3bb35
e7eb1c58
aaeb1531
1d89395d
1315c78b
394dd015
c1f4f165
09ce4c0c
e8f12fcf
3b0fd923
d016bd1c
041fe354
e7a54d84
48fe20a0
f42f032d
ea45a9cf
bac810b2
23340806
3b343d06
214dca67
c73b0c1d
b978e724
14943b68
3d7ed314
3701fd87
bdbde0ed
dd7f4951
f4f6006e
d501d5d7
b06a347a
26c0f124
3c4e0a16
1f67b66e
ce1d2fab
ca441503
158a3d80
1e4cab79
1d11e00d
ce31ec5d
07cd6677
f95211bd
2f38e494
c70dab7b
069508ae
f1dd3bf6
55662b0a
e052e5d6
eb10c321
afd00982
4282157a
2ec02548
2898cf54
a7a00dbc
d553f785
0a263570
52d8c456
13f3fda4
cf74e66b
d1685a70
056ef531
3b1aef77
fab3a152
f7412867
d6e73069
30db408d
ef73bcee
0990c7e5
c11df3f1
37ec485a
0efc2958
2a18de72
a3fdd6a3
f424f2da
00af367b
67abf836
f45a020f
d587d581
b04c34bd
281df357
3db90b14
1ef0b588
d0642d24
cba71695
143e3c0c
2139ad4c
1b52e0b5
ccc5ebea
094965e6
f81f1057
2e3ee302
c911aa22
07790844
ef743b1a
54bd29c8
e098e5b6
ead7c3a8
b0f80adc
4164133a
2bcd25c4
28dbd06a
a73a0d34
d5f4f668
0a753427
53a8c669
1373fc10
cf69e667
d1b25af2
0485f55b
3aadf07c
f95aa103
f7b22834
d71a3100
30a13e52
efdfbe54
08d1c7e0
c25bf350
38b2453d
0cc32786
298ddd7a
a3fcd58c
f4ccf1f1
010836a5
668efad9
f27fffb2
d5add4d0
b1a83518
2712f24a
3f810c43
1e2fb7a3
cd0c3140
cc8c14c8
158a3bfd
1fe7ad2a
1e9fdf62
cdf0ed1d
0af26653
f94812f1
2e1be4a0
c6f4ab3d
076b0911
ef8d3b73
52eb29be
e0f8e555
e96dc5a8
af8009cd
42731567
2b0b2390
295cce94
a8370c89
d7e9f8a3
070335cf
51f6c406
1465fb54
cf16e5c3
d0be5bd1
df6bea2b
d9b5f42e
adf02c3b
445dfaba
2662f006
25c4c278
b7133453
ee481e03
07892f07
31a2a032
f96ce8ce
e3c6f531
03427153
142df9d3
129ce82b
cad1a232
fdf72816
0770259a
50513354
db75c7e9
df5ee426
b6ecfff5
51c625d0
25060083
26aae377
953b0592
f02311b3
026e1e44
5ffac6b9
f1fff45c
e4cafb1d
c97a5c35
23e3ed35
1aa9e987
0341a1f7
e17f3b94
f95d29de
23893e5a
f7d3a5c4
f0b1e12b
d31eece4
3a245873
17a4087f
181fee8c
9cf6c8c9
fcb412a2
0a8f1c46
6c4202b5
dd21e9d3
db67f520
ac922ba5
41f1facb
2753f29f
2491c32d
b41434c5
edd81ebc
07c02fdc
3233a08e
f9cfe8dd
e31ef457
029571bb
14bff915
1266ea5f
cac3a040
fe2c26ec
08302488
5086311c
da28c8c8
deace624
b668ff62
513d2609
23740057
25cee19b
943106d0
efc610ff
01f31d69
60f7c617
f136f3a7
e506fa8c
c7745d6c
2420ee31
1bbce49c
0537a233
e1d13c97
faf9290c
23533f13
f96da53d
eef8e060
d3ebec6e
3ac659b7
172204e7
1761eccd
9c59c90d
fbad13e7
0a8d1a5b
6c6703b8
ddadeacd
db69f4b0
ad112a73
442bf9b3
2711f1a3
2418c348
b759332b
edab1e39
0500303f
2e62a1a8
f9dbe9b0
e3dcf43e
02b270c3
12d1f9d5
1222e8f2
cd7b9f72
fee0283c
09272561
4ea83121
d925c87a
de2fe5bc
b745fd6c
51be2700
23f8023e
24dde187
94ce05d4
ef6311cc
03181ed8
60dfc46d
f1dff29b
e320f9da
c5dc5d27
d665d572
d5fb15d8
b7ba1983
4e4c062e
1a5fcfe6
24e3db03
aaad2ed2
07f931ef
faa2141b
398da41e
d8e2e634
fd7d0805
fb0b6b57
2b3fee8d
ee75e4fd
d9e3a55e
f1e23933
2851182a
3bc2315c
df48b761
c9650237
cfb0f354
52853311
2880df3a
13def8c4
9536fd37
fa6a2dfe
09fdfd3e
6104d184
d946e270
f1701c43
c67b50c2
3b04f209
fc8ed03c
0d96b4b1
d22e4074
1cb22cac
0d7e319c
00c2a0c7
cf67ee92
f178f217
319c5ed2
2bcdeb54
f94ffc4f
a6fec3e9
fa192e8d
216a0148
60520b11
d6cfd61a
d9151953
b5c6182c
4f880727
17b6cf60
231ddaa5
a9672e7f
09b234b3
fb58135f
3972a5dd
d9afe472
fe9d07bb
f71269ba
2d04ee47
ef6ce4c6
da97a627
ef303a66
28971828
3b73310b
dc3eb8ae
caab00c9
ce84f554
51cb3316
279be01c
14d2fba4
9765fa73
fd0a2e1c
0722fe77
600acd0d
db08e438
f0091b1b
c45f4d18
38f8f20f
ff9ecf9a
0cedb3e5
d2c040aa
1d0d2d6e
0ee52ed5
02719f10
d089eec2
eeb0f203
333d5d9e
2af9ea71
fa0afa43
a7cbc2d3
f89b2e78
2110ff0f
600c0ae8
d637d65b
d6c11632
b87a1a91
4e8106e8
18edcfe5
1feedb31
a9d42f49
09e43383
fa9d156b
3705a63a
d9e9e5de
fec00979
f7e96a70
2b41f059
ee80e38a
da37a69d
ef5d399e
28c9174e
3c273232
df3fb803
c9c50209
cdcaf64a
543d31e3
294dde90
1520fb5b
9329fd40
fb4a2e6e
0743fd40
6012d231
d9c8e2be
ef5f1b30
c69b4eb9
db40cb98
ca043710
d29e09da
4ada10ab
1575b210
1398f7c9
b0b92253
15f449a4
f9dcf158
3380b673
c53edbd7
14bd23ca
f55554c8
3b99f092
cda6d656
e7d0bc89
e2e63bf6
4b4414ad
1ffd241a
e9aab4f2
b12e12e9
f09af064
469a325a
31c2c66e
f6710d93
a549f95e
fcce438f
1a23dbe9
500adf40
d462d580
f5513f78
d0633802
4258fc1e
ebf9b53e
0fc5d2b8
cbe9375e
378f3913
fdc81572
099faaeb
b61cee94
0f2a0126
264f52ec
3b45e109
d5a3fc65
bc6acc5c
ef783a56
3df3ea3f
45120c89
d943c985
c995351c
d11b0aa9
4b2a0f7f
1768b1bf
130df95c
b1c9218e
17984954
f9f0f27f
34c9b563
c827dc00
11d02596
f61756b1
39cfef8f
cf63d51f
e863bd13
e4b23978
4a48150d
228622bd
ea1db956
b0ed13ad
efc0f288
45c5330b
3265c7b9
f6b00bac
a5d2fa54
fc15442e
17c0dbd1
50bede45
d482d42f
f2f23f06
d0c136f1
40f7faf2
ec1bb5f4
0f64d44a
cc1c389f
38ec393b
fe2a1574
0bada7cf
b5eeef4e
10ce01df
27175378
3c3ce0ab
d698fcf8
ba6ecd75
f09a3c1d
3efcea91
460a0dd7
db5bc9c4
cac436bd
d1b70957
4be30f1b
154db1e5
1249f681
b11f21e1
169d4932
fbd5f274
34beb4db
c772dc43
10c026c2
f82855d9
3ab6ed91
cfc5d604
ea90bd6a
e51d3acb
4c811324
1f2422ad
e758b7d6
b2ff14f6
f03ef412
458230a3
320ac8a7
f6c00d33
a586f9fa
fc5c43b4
164fdaaf
4fc1dc09
d4dcd519
f2893f75
d20e383c
e4fccf5f
b6cc48fa
f2f801db
37e30cb4
1a29a0d5
f80812c4
c71d1c3d
178456c6
010cd0f8
2075c9ce
c59ed24f
1bae4402
00d437fd
3cb3f9c8
bc0ebf1c
ef5fdf2a
e3782d57
631d1c6c
06ae0ae4
ed1fc851
9df71813
12a0fc3b
34162235
4094c00a
d4e7170d
c043ff19
f2f04ae9
3001c66d
303ee68c
dbdccedd
ed545aa7
e8511e42
35f1005b
e5fe9c36
05c2f44f
d9312974
44f94816
f2def2bc
048bbf8a
a7fae9cc
288e19fc
1fab3892
45a8e609
b495f554
d18be4fe
e73f3764
5858e47c
2747027c
e602d0ec
b79f49c1
f66301b9
39050e2e
1cdba0c9
f9b3112e
c7321c30
16ab576e
03bcd1f1
1f13c82a
c5f7d204
1a31456d
000534e2
3bfdfa8a
bb5fc076
f0d3deb6
e3932d07
608a1ca4
075c0933
ed0dc86a
9db515a6
146afef1
352c23cb
3f41c0bf
d64214f9
c130fe20
f44b4950
2f06c489
3013e558
dbf1d0d5
ec4a5a93
eb851d31
3575025e
e6029d6e
043cf3af
d5d929b5
44044a77
f510f01e
01a9c0dd
a7a7ea10
278f1bb4
203d3672
4534e643
b6caf659
cfe0e410
e7df373f
593ee50d
24120338
e819ceb1
b7164787
f4b50132
37c50bee
1b529ee1
f9aa11c9
c5d31caa
15b55696
01aad210
1e65c85d
c460d189
1c1a4443
fe513714
3a43f9cc
baafc08e
ef38df71
e3cd2bf2
621f1901
09770a17
ef48c87d
9d2817f0
1273fb9b
36492322
4008bf55
d55d144a
bff90232
f3e44aab
2f40c584
2f8ee441
dc10d0f9
eb9f5c79
eabe1e2c
f175e607
aa094983
15d303e6
2197fc0f
28129ed0
dd062008
e77c20e2
0de65734
12d9ba1f
ff5fd482
d5ded157
19345df0
14271980
299a0459
b451b10b
ed020087
f12e1a57
6b112509
f7beec49
eb0ce496
96cb0e9c
2c040e65
28740660
4662c9c6
b8b11451
dccc145b
eb9c3d3f
42c6bb66
0d19e07e
edc9d968
e0d568ff
0a040feb
1e0cfebf
ebbf911b
f2400f5d
f37c1e47
411f50d0
f742d2c8
f048d8de
ae90dfcc
338933e6
24d713fd
40acf4b8
a396e71a
df840454
e92d1fa1
67e1e808
0701edd0
f2f7e67b
a9fe4a1c
180f02a9
201efbb9
289a9e87
dc141e94
e90b2126
0c8d5955
13ceb8b7
fef0d66f
d406cec2
181c5d79
153318f5
2b01032e
b734af7c
ef050223
f22017f1
676426ce
f87ceaea
eaa1e4ac
968d0f26
2d330f3b
280004e6
4476c8f8
b90814e0
db0815f8
ea4d3e39
4404bd16
0e18e1dc
ee0bd95f
df3d68ef
0a200ed9
1fcefff0
ec11902b
f0af1269
f33d1fc6
41f75159
f6f9d345
ee64d99a
ae53de7a
360033ba
24aa1419
410af26a
a373e5f4
e12306c0
e94323d0
6d16e7a0
0883ee10
f116e601
ab1d47a8
14ed0524
201ffb2d
26699d3d
ddf21d9d
e9072175
0d39586c
1381b949
ff41d65c
d450ce5e
17e45c59
13121bb9
2b1e0468
b694af2d
ebf203f8
f1a1194b
69fa2550
f83aeb5a
ebb5e520
95f90e69
2cba0e45
275904d0
44cbc8bd
b8be1423
de321511
ecb04074
463cbce9
0d06dfe2
ee6fd815
df62691a
0bc10edd
f21d0977
a8123d57
2e1f0ecb
0e1ddd2f
2957ae64
c8271f19
06972fed
001b451a
2207b2d2
dcddda9c
eb65daa5
0fa163a6
2f31062c
0b170656
bdcaa943
e0cc1ed2
0d50077f
61182bfd
f7b0cffa
dc7d0656
a2bc051d
389720e5
25ede367
3d4fdbe7
ab630b78
f1ef330c
e9b023ad
4e2cbff3
edb2d33c
ffcdf249
d7306589
2ab50d4c
fde2f103
f44b9632
db721fdd
16781ae3
313c4e2b
0087bf50
d2ecf0f0
c373dd97
355145ce
338bf530
2a9c01f8
a125dca3
e2c324b8
f3e00753
6cb7f241
f61cd65b
f3de0901
a93e3e9d
2df10fbb
0d66df7b
2a1fab90
c5912096
06ba2e35
006844d5
217db281
dbb7dac4
eb5fdafd
0d186320
2fc8054b
0d9905b9
bdf9aba0
de261d37
0b900432
62312cfc
f5d3d00e
dbbb032e
a21a04f7
379d2141
2681e048
3d2cddba
ac7809f7
f157318b
ea4e2610
4f60c083
ec63d46c
fe44f173
d71e62de
2a6c0cf0
febbf1d0
f61894c7
da6b2260
16f11d05
30a54ec3
fed1bd9b
d213ee45
c350db8f
32e543af
33e2f526
2c7501bb
a151dbab
e1f226a8
f446077a
6b11f080
f633d5c8
f38307d5
a9b73e41
2ece0ea6
0d76de42
2ca8adbf
c84b1ff9
08fd3039
02ee45a6
2342b0e8
daa5dae5
ed65da11
0fb66477
2ea10648
0cd50408
badbaa7f
e1aa1f75
0dbd06fa
61a82acd
f74acf26
db690540
a5480680
3972217d
243be104
3cd7dd3d
aa8c0b90
efa732fc
eacf2382
4ccfbf63
edd6d1f1
fee8f27b
d7e36532
292b0a8f
e8f22c33
b7f52b12
36d01b98
027dbe1e
2360c88d
bfd61a01
209747ef
f8342818
262db9f8
bd22d26c
01f1f223
05f65c31
48b5ffd9
e89dfcfe
cb58b2ce
d01f29f0
2ffbfe24
4a4b284d
fcafc303
c3d11e60
c00bfd8b
35112c1d
2d1bc0f4
26e7f160
ae7f019d
f83b4f5d
efdb0489
4a69cbdc
dcafc0eb
05e6159e
d700549a
3d0c1295
e800d5ca
fe61abac
cafd20d8
382f24fd
1eef3b1f
0b7bbb3e
b2ddf83e
e173e3d9
2a8c4526
4647df2a
092b0a9c
ac02da06
da203fc0
0dc5ed72
5b84f81b
f229c195
e9522b97
b8812b6a
38291c48
03cebd50
2554c92c
bf9219ae
21aa45ac
f9112687
26a8b8d8
bef1d322
02d0f0e7
08fd5904
4818ff11
e907fbce
cb30b454
d0712a8d
3069fd80
4c2d276a
fbebc2d4
c5ff1f6f
bea7fd86
33982a81
2bc1c247
26c2f22a
af470236
f9574e81
f0c002d3
4a79ccb8
db9fc0ff
073b1680
d94b53aa
3f6b1419
e643d712
fcdfad6d
ccfc21a2
399625ce
1d833d74
0a91bc80
b2eaf6fc
df0ee489
295c4592
46b2e042
0c950a26
ad31d91c
db703d26
0d7ceedf
5a27f7cc
f04ac23f
eb8529ea
b76b2b0a
37251b09
01e9bb1c
22dac843
c0121790
203346bb
f9222b33
2800b7e1
bf6bd2d8
03d1f259
08045bbf
4771ffc2
e8dafabd
cb0fb554
cff62a6b
3066ff62
4afd261e
fcbbc42a
c4971ede
be55fcb8
36762ae1
2e58c14a
2860f380
b03a01d5
f8214dfa
f37d0280
47d6caac
db53c16b
07e9157c
d8b654b8
3e8511fa
d8e14841
d6742261
2e33223b
03db9f0c
0ef4e3f0
c9090ed6
2a735ce4
fb4c03f3
1db0c8bb
b12fc5c1
13f01416
08f541c4
54e804cf
cda1e786
d5d6cfc4
c79426a7
4fc2fec2
309d1425
053cc7b2
a9f62bbd
de10013b
268c266b
3bc8ad81
082b0227
c245002b
f6cd618d
06b6e5cc
364bd660
d7f6b2fa
05f23955
ebaa3cf3
3d391d5a
d7a2bb90
f8f8ccf8
cb5d1641
519c3615
10691a5a
0d25c93e
9af1f577
fddbf9ea
2094322d
597cd8e7
e7ee06c6
c297e7e5
d184477f
2eeae03e
4188f43a
f956bafb
d80b455b
d7fe1fd6
2e5d22e9
0452a03c
0e87e4b1
c9ea10c7
28695a92
fab105b0
1d4ac98a
b210c652
13b61321
08fb4077
574c04ad
ce78e971
d61dcf6e
c82727fe
508dfe71
2e941492
070cc6b1
a9d42acf
df78ffd5
28c826cc
3b42abdb
06ab01bf
c1d801b7
f63a60ed
0673e337
3401d7ed
daecb3b7
06263612
eae43bcd
3cc81de0
d74ebc4d
f95dcc89
cbc416c1
51e534dc
11a31ad7
0df1cb65
9a09f4db
fe85f96b
1cc53494
58e2d911
e48707b8
c1b4e914
cf624732
2ccbe0f9
3e80f54a
faa1baca
d9a3454e
d50f2114
2cda20fc
05339f9a
0e08e522
ccfd0e49
2a205c63
fb2003a2
1d18ca98
b0a5c706
126712e4
0a8b411b
568e04cc
cd28e87a
d927cfc5
c76127ae
513dfe55
2dc514a7
063bc728
a8a52c1f
e299021d
27ff2743
3cadab50
06990208
c1ddffb0
f5ee610d
0659e694
347cd7bf
d97bb2c4
041438a5
e9f03b80
3ee51dae
c4fd5192
fa881e72
1a691a67
0fca92b6
f1edf857
e41f0d67
263d6992
0916e44c
058edafd
b3b2bc66
1839311f
17f7236a
4fc30f78
bb11d41a
d90af05f
cb0b1772
650f08b4
19cbf756
0beadbfe
97b82a9b
ffd20d6e
171b1313
476baac3
e41e0696
dd970d8d
ee4f629f
1ec4d281
13adda64
e554b1a5
f8b550f5
056627e3
314822b5
d5afa354
ea71ed38
dbc70a02
56e94397
0d37f82a
040be21e
92c8ed65
123b155d
205d1689
5f1fe08e
ca78fb3a
d5a1021f
cbb93c28
48edda36
1f5de77f
0548c480
c5695043
faa91cc7
1bf41b95
0e1b905a
f10cfa03
e3ae0b36
26b8678d
096be5f8
0553d9fe
b44bbd5b
17a131c8
19f723c5
4f850eb6
baf6d1bb
d999f16f
ca041a26
63410724
1b0ff6cd
0abbdc7b
993b2aba
02820e89
18d0129a
4800aade
e484070e
dd910d6e
eb7d61e7
1da1d437
131ed8bd
e435b1db
f9f1501e
074d2866
3153216a
d770a4ab
eaf8ee53
dbf20962
56c043be
0cbff6cc
02a3e0af
9325ec9c
14091369
1e7917a2
5ff8df65
c8f9fa96
d4ae04af
ca1c3e87
48addcb0
1e84e49e
0372c552
c6b5502f
f9e91c46
19901ad1
0eb292d3
f1c8fa3d
e36a0a6d
2657685d
07dbe571
04d8d9d5
b3d2be07
16c630e5
196a240b
50dd0f88
bd0dd465
dbe4f173
cc7018cc
64590917
1c22f679
09afdcf0
99732b10
01f50dae
17101223
46a0ab29
e4dc066e
dd420f56
ec7a628d
1d9ed276
130ad9c3
e442b205
fae950b6
05d2285b
2fd91ff8
baa450d0
1a6222dd
031b069a
1695943f
d58a03b2
07481598
197a64fc
1a77d224
e2c9e311
c532be8e
1004452d
307e08f1
3cf317df
baf3c2ec
d2fb14e1
ddc507c5
66d71437
11abd675
0091f83a
962e1ff9
18952332
1180f216
4aeab7b5
cc6efff5
f66a269d
e40d54a4
359ecf73
effed14d
f293c19a
edc95b87
27061c58
142219f8
def59bf5
d43f04ad
f92602bd
509b4b4b
1252da17
eb89f980
9c9ee668
19fd2c8d
265af3cc
57d1ed03
ba8be971
dfe526e8
cee6289a
562fe352
0623ce99
0a03e058
ba0b4ec5
196824b6
05ff0427
1842940b
d37c00d2
04231670
1b3a63ba
1b66d3da
e316e40b
c547bffc
110d45fe
318b0bba
39e913c2
bad1c2f8
d12e1504
dd1204e3
675c1515
1080d68c
0301fc9a
985a20ed
16a82335
1004f2d9
48c8b81c
cc77ffea
f718287e
e73b522b
3448cf85
efc7d06d
f68fc35b
ef27595b
27df1dc2
142d19ef
defe9d9e
d4c0065b
f8540001
51e349ef
13d1db4f
edaaf9c2
9b39e46f
18392e5c
2794f5aa
543cee9b
ba8aebc7
e109230e
cf4f2667
551de253
0540d00e
0ed4df7a
bb624e11
1aa72290
04f20471
18169545
d58a033e
047313d9
1a8963a4
1a70d18f
e2f6e325
c71dbf34
12d145f7
3205097d
3b1016f0
bca9c3cb
d2fa147d
dd4c070d
690d1337
11d4d767
ff07f7ef
968c216c
184823a8
1054f258
4915b80d
cb4a0038
f5fe2746
e58d544a
33eaccd4
ef07cf8a
f5dcc2e0
ee7e5947
286b1da2
170419f9
bec74195
2fd73011
f3e9e5fc
1867a8fb
c1a9fed5
22862997
0dfe4fff
291bcfbc
c084e31e
dac7cdcc
085b481c
4cd1fb63
1d2a1316
c6f0c071
c2ce2ca8
fedaf602
59531883
11d1be77
ed0d152d
a71e16bb
1cc535be
12e8ccd6
3c05cacc
c285f51f
05db44ab
e514365e
3aa7d5fc
d5b2be97
03d2dcd9
e73451d8
45201f28
f964074c
e5d1a60b
bce7106e
1e3e0403
41194217
1ecccc78
ca5e0951
b309e692
158e3bfa
3999d854
3c8ffa9b
bed4e023
dd7e45f4
e2650f24
539eed98
f7b1b54a
0aa90232
bf3b44f3
310c3169
f59ce53d
172fa797
c3100018
2340292b
0f564e9e
28f8d0a7
c034e1a7
dbc9cee9
054949c1
4d84fa93
1bb31468
c5b8c28b
c2432bd7
ff30f54a
5c2317e4
1411bd4e
ecc4174a
a7aa1749
1dba3598
12a8cdc5
3ca4cb67
c2f4f5a1
06884506
e79a36d4
3c7ad52f
d5bebf15
0403df59
e7455169
47211e75
fa7206d5
e8bda664
bcec0e5b
1dfc0436
3f7d40b4
1ea7cca4
ca310ad2
b206e5c0
14af3a9d
38fdd79f
3c3efcf5
bb54e0e9
dd88452f
df610f08
550beef4
f80fb51e
0ac8018c
bda441d1
2eda312a
f46fe5c1
195da86f
c20c007a
21ca291c
0f6d4ea7
299cd130
be8ce1f1
dc19ce98
069847ae
4cbef958
197c13fd
c5d8c1e3
c1c82c12
fc8ff60e
5af71789
133cbc84
ee68178e
a69f1617
200235c4
14dccd01
3f16caea
c1d8f29e
07bb478a
e7ef36b6
3cb7d527
d473c0b2
030ade5d
e7ab523b
44831feb
fa3b0690
d14e3215
34713d07
f1b4c2fb
0d56c1e0
bf06f680
342141fa
0ba62e5f
283bdcc1
a6dbd764
f0a5eadb
019c385a
6386f7da
fa2004b2
d238d121
b42a34db
1f9cf1ee
41340e9e
1d47b3d6
d3a12d56
c5ce136b
16df3ccf
1e91b12c
2147ddb6
cb83ee24
08d25ff8
f5c81784
3162e260
c816ace9
080e01b6
ef343f6a
54002847
e7bceba9
eaacc07b
b0370ac2
3d641033
302c2850
25f0ce06
ad690cea
d30cf47b
0ad237d0
5064c57d
1ae8ff16
ce2fe30a
d4c65afe
fdccf881
3fc7f2a2
f884a396
fe3122d0
d32c3403
30ac3d9a
efb7c1fc
0e7fc1f4
bf4cf43e
365542a6
0dbb2eb5
2aa7d9be
a718d903
f164ea9e
01be3a4c
627ef781
fab70458
d3e0d19c
b2153481
2170f364
42d60d9d
1ba3b514
d2942cf6
c487142e
19513cb1
1e46aec6
212edea8
cac1ebd0
0ad66219
f634177a
306cdfc8
c700acf2
06ca01ab
ee0e3e8c
53b927d4
e2a8e990
ea69bc8f
b1aa0d83
3ddb11c4
2f842992
29f3ce72
aacc0d5c
d1b8f2e7
0c033727
4eb7c80b
19e9fe86
cd5ce658
d4435b13
fec4fa66
3ddef091
f7e5a1f7
f948227e
d2c93393
30383e4f
efcfc26d
0c6fc1ba
c185f708
34bc4289
0bba2e73
2bccd9c5
a56cd808
f2c9ea83
01e83bf3
64fcf987
fb87059a
d261cf3c
b34b34b4
209df1f8
43610c56
1a09b5ab
d21e2e48
c58b158d
17053d5f
1c82b1a3
21c4df2a
cbbdee96
09546285
f4f217df
31e4e07b
c8a3ab9b
0875026b
eebd3e6c
540728e9
e374ea07
f2e72b08
28ce417f
f7b6aa66
f318dc69
cca9ee21
3a7b5656
16420b7b
1d4bebcd
9d67c9d7
faf60c56
08da21f7
6ddb032f
e33fef8b
db8aee44
ac812e1d
3d1ff7ff
2c5cf5aa
24f8bdfc
b87232be
e4dc1ca7
097f31f0
2ce2a0e1
fcc7e764
df1ff22e
047b7035
0d46fa2e
17daea67
c938a01d
007f23cb
026a27c8
509d30a0
d953cd44
e1cce19f
b5a20090
4ff9234d
265105c6
26e5dd29
98c607a7
eb7d0da4
03452215
5e2ac65b
f68cf6d1
e154f649
c8245f46
1fe3ee02
20f9e752
0288a189
e604391f
f24b286b
258d4176
f687aa60
f3eddcfa
ce40ee9a
3b14554e
13800cc9
1b88eb18
9e10cae7
fd9f0d4d
07cc20ec
6afb00fe
e1b2f0a7
d963ef8f
aca72e69
3ee0fa27
2aacf748
23c5bf1f
b9ec33ac
e9881c7f
099b3526
2d0da1fd
ff41e8fb
e088f31d
03ef7095
0c74fdfa
17d9e856
caa7a233
020423cf
038f2919
505b315d
db7bcb9c
e563dfe8
b47d00de
4fc12379
2518056c
267fdf49
968807ce
e9ff0b1d
03a320af
5e80c6fa
f5f1f5af
df9bf7e6
c8a55e42
1e64ed36
217dea46
02a89fa9
e5393a8a
f46f298a
27a13f73
f823a96f
f4acd9e9
ceb5ec96
3c8f580d
13d60ad7
1c1feb52
9d91cc19
fb2e0d73
086920d3
6dd101ca
e21ced60
dba6ef14
ab422f20
3f4bfa31
2b2af5e1
242fbd05
ba4b34cf
e7ed1dd8
081c33ca
2acfa34c
ff7ae7f5
e02af22c
033170a8
0ea5fcdf
185fe8fa
ca13a0a1
01db234c
05ea27d2
52383203
da45cd4c
17a62c18
13953382
01639c82
d4ceec32
ead8ef70
33705fc8
24c3ef83
fe36f7ea
a376c348
faac2b54
1ace030a
64c20a3c
d6b7d830
da3112d1
b4e81c91
4dcc043c
199ed511
24b8d4cc
ac222f0d
055c2fd4
fd2c1a94
36b7a499
df44e8aa
fa8c049a
faab6d62
2656ef38
f570e43a
d6d3a475
f24237c7
22ba1790
40543300
db34b74d
ce58ff47
c8c5f4f6
53bc3367
27dee357
1802f4f6
9399feab
fac627b5
0774044d
61a8cf22
dd7de5bf
ef42157c
c47b5013
3687f03f
032dd55e
0bd3af98
d3de3fdf
178b2c10
12193344
021e9e75
d7c2ead5
eb1fef5a
35635e09
24e2edd7
ff9cf8db
a45fc2ea
fc632b6b
19490433
634a099f
d588d91f
d84314b0
b4011e39
4ec105b6
1acfd5b1
2404d6c3
ab1c2f6c
07bf2eab
fd9f1b8b
39c2a2bf
de52e81e
fab8045a
fb2e6f40
2768ef1a
f5b5e74e
d728a320
f298377c
22861746
3d383170
ddd2b803
cd47fe1c
c90df73f
53a4321c
25fee4c3
19edf4ff
9348fc51
fb6928fd
05130317
6100cdee
dd97e738
efdc154c
c4e24f99
378bed1a
02abd39d
0c1daec4
d32b3ff6
18832ac8
159f330d
ff869f21
d527ed5c
ecaef043
34515eb6
2545efdb
00e7f993
a1d9c619
fce6293e
1b0b02d9
645f08fe
d4c8d826
d94711d9
b5931ea1
4cfe06d2
1986d689
23ced662
aa323094
02a22ed6
fc6e1b9e
357ba36e
e21de8a8
fa1803c8
f8486ea6
27caedf6
f52ae5c2
d6c4a496
f1ca37ed
2344190f
3fa7349c
dca8bbf4
348e3879
fe3a19cf
0809a727
b9a0f0c1
0a03fd86
27305547
38abe17f
dd37fdaf
b7a3c93c
f2593a3a
37d4ec73
4acb0c1e
d9f4caf9
cc94331e
cad70c97
4bc6107b
150eb6f3
169ef452
ae55256d
149646b8
f8f7f810
36d8b19d
c87bde57
10bc2051
f73f57e0
3915ee30
d571d816
e554b6b3
e5ae3c98
449612c3
230c267b
e6e7b5d5
b69d1223
ea34f1b3
488e33eb
318bca8c
fbac094a
a16ff8cb
fbb04169
151ae1b2
5305dbdc
d894d674
f38a3910
ce8f3a4d
3db8f8da
ed38b8f8
0feecd1e
cdf23ac0
3528368d
ff7619b5
0800a5f8
b8a2f1f5
0ab2fec6
273b57f8
3849e378
de66fd62
b54bca99
f2483b2f
3602edec
4b2a0d0f
dacccc63
cdaa31fa
cb160c84
4d210fa7
1610b6e9
15cef2ac
adb72673
15434414
f908f74f
34fab2fc
c8e3deb4
100b2006
f61e5aa7
3b08ef77
d50dd785
e539b72d
e5ff3b37
447e160c
253c27ff
e6b5b760
b57012e8
ec44f38a
47ec34be
30d2cc36
fb7d08da
a2c0f939
fd133f82
12f4e202
52bfda3e
d448d59a
f3463816
cfba3aeb
40fffa63
ee0fbb08
0e42ccdb
cd743a92
347836dc
fed11b4f
08b7a6c6
b989effa
0b09fdc8
290f551c
3912e210
dbfffdbc
b73acb24
f2c33959
3786ee82
4ad60bbf
da28cc8f
cc5f33cb
cc0c0e9d
4a780f01
1463b6b8
1556f47a
adfe2442
14e043c6
f84cf81e
3543b0bc
c8c7df1f
10df1f9e
f54459be
3931eeb5
d4b1d9a9
e626b700
e4c63b90
473013ae
264726a6
e653b432
45314745
f5c7f878
061cba9f
ab23e9cd
257115e9
213a3cc4
4334e1af
bba5f6b2
ce50deef
e9cb39d1
5535e40e
2ab205f7
e45ecdca
bb4045f0
ebfc03c4
3b600eae
1bc2a0fa
fe040ccb
c36f1d93
1842558e
ffc5d319
256cc6e7
c392d21d
1b503ec2
fd523d0f
3d6ef95c
bdeac61f
f07ed676
e1ec2f7c
60141958
0b5a0e45
edffc309
a1191802
0d3cf8e2
394a25ea
3d50c079
db7e13e0
bc30fc9d
f62c47b8
2a98c803
362be31b
daa4cf81
edfa56fa
e56a220f
382e00f5
e6819e7b
086bf05f
d6fc2b3a
44f3481e
f470f828
0536bcaf
aabaea0a
260915ed
1f343de4
4509e53e
bb16f76f
cda2e072
e8783954
547de509
2ae306ac
e4d2cdc5
bb104473
ee3e02a0
3b650fcd
1b63a118
ffae0fdd
c3381cbe
18065500
01b5d3fb
238cc694
c5b3d1c0
1ac74081
fd133b99
3e91f647
bea5c4a9
ef3bd85e
e26d3146
600519db
0a4e0e18
ed46c61c
a02e1933
0bbef8de
385825c3
3c44bff9
d926169c
ba4dfd94
f60f4a08
2a48c82b
367ae4d9
dc15cfca
ee2256a2
e62522d4
394e0065
e741a122
081aee1b
d5d32c6a
43854724
f2a5f680
06a9baeb
a983ea0a
2601157b
22553db6
4522e3df
bb8ef65e
ccbadf38
e83f3a4d
52f9e53f
2c2303e0
e3a5cc89
bae94679
ec3b01e1
3aa00c9c
1c0da0df
ff130f0d
c0f21d7f
18e95643
022ed503
25a0c4e6
c4b2d442
195a4084
fc363c2d
3e29f7bf
bf83c42c
efa2d949
e446319d
5d4a1758
0b5a0f78
ecdec48d
423c50d5
f582d5f7
f3a5d3e8
ad72e31d
335930ae
22241a3c
432bf2a0
a4b9e73c
dc14ff4e
e6062755
6998e40a
0c0ef2c3
efeae079
ac404b80
12b002bd
25fcfeac
25739b91
e3d01e88
e3081fad
0e8e5789
0fb2bb16
05b5d506
d105cf80
19a85a97
124d1d77
2eb502c8
b556b274
efa5fc61
ec921c21
6a892510
fad4ef33
ed8edf74
999b1172
29450b2d
2a5a0a15
474bc675
bce51701
d6dc1008
ec204214
40d8bd2f
11aee166
eba4d75d
e16f6951
05181113
23a0020f
e90f90f8
f4ab0c8d
ec0f202c
4417512c
f6b5d754
f3c4d5eb
abccdf3d
34123059
23da1862
424bee3b
a4f7e8ce
ded2fe7d
e6ad2711
6843e696
0d59f395
f127e180
ab384922
0fd90364
25c4007f
25c79bec
deb01d1d
e1be2091
0e3f585c
0db4bb7e
0650d5db
d04dcec5
18205945
0ffd1e32
2dad02e7
b4b9b2f9
eeaefb94
ee191c75
6a65248c
f8dfefe7
ec75dfa2
972a105d
29bd0cc4
2b650ad9
456cc5bd
ba3e14fe
d7a51214
ecd7421a
4043be11
13cfe2cb
eb4fd5a3
e1cd67f7
06a6102e
20ac01f4
e9ef9227
f4ca0d02
ec952171
45c853dc
f63ad746
f3b1d522
aa20e0d3
33922f64
22d71a44
4344eea0
a63eeaa3
de2afdf7
e76629c6
6a60e69a
0c5cf20b
ef78e0cc
ab0849e3
10a001ad
246e02a8
25ba9d61
e0341dbb
dfaf1f9d
0e42582c
0d1bbc36
057dd5f4
d106ce0f
1b315a1d
0f211e41
2fa00259
b63cb1ce
ed11fc0b
ed151e88
694824a4
f8aaef6e
ecbbdead
359350b8
fe74c13b
d772ebec
bf64dbd6
35314139
2f7af88a
2d7dfde7
9fd8dd71
e322213c
f1240d75
6bd8efa5
f73edaed
f4fa00fc
a92b3fed
29150ef3
10d9e317
2afea9dd
c9e62131
035d2b75
02394b71
1ffab10f
e2fed755
e7acd547
100b63f8
2a010873
12f50545
b9f5ab3e
e3181984
070a093e
61f02ca8
f46bd44c
dfe90096
a0bb068d
37541e99
2664e78c
3f78d84d
ae140c14
ed6a2bfe
ea892a5f
4ebebee5
f0d1d680
fb5eecd6
d83b66b0
24900bc4
0423f49d
f510950f
dfa01fb2
0fdb1e21
35d74fb4
fe68bf77
d7b4eaf9
bed3d9a1
354a4119
303dfa3c
2faeffa9
9f62dd27
e2492073
f3590bf4
6c75f04b
f8b6d975
f320032c
a8d641b2
2c1c0bb5
0f74e4dd
2b00ab62
ca152075
03d62d76
032c4b90
1f30b162
e1cdda4a
e8b1d730
10956428
2b44081c
13410684
bb89a98d
e262170e
08b109a5
631d2c51
f4a4d264
df8d005d
9f98052f
38e11e67
25b6e654
3f97d887
ad9d0c6a
ed0c2c4f
e8de2a44
4feec022
f228d6ad
fb62ee19
d7d16493
25440b01
0598f45f
f5569515
e0141f19
10341cee
36455130
fdffbfad
d717ebb7
bdabdbf7
34294017
2e4bf8c1
309bff3e
a10bdd3a
e28f201f
f1ed0c99
6b41ef6a
f827da2e
f4d402a5
a7fd403a
2b360d97
1023e362
2ad3a9a4
cb501feb
020f2b4d
00b14aa2
205fb124
e128d9df
e64fd666
103564de
28ad079b
10f405a8
bb80a8c8
e19b19de
07a1086c
611d2b6d
f518d447
ddf50035
228c3fbd
094bbb5b
b5a9f75d
dc64e158
2c4644fd
431ce17b
10dd098a
acd5d9d9
dfc63b20
0972f0a3
603ef97e
f1abc390
ea5d23ee
b4a430b7
36221a7a
03e7c08b
279ec2df
c1141a6d
1d63440f
f8322ece
2722b692
c2a1d628
00abedc6
09525960
44dcff37
f0a1fd47
c871b17b
d4a02a62
2b1cfe76
4ee82a38
fa6bc469
c74a19ec
b883fdbd
379f2cae
2a59c589
2b9bf02f
ad6e0263
f7b049d1
f0ae0946
4bb4c805
dd13c72a
06df107b
d6955680
3a62131b
e9f8dd3e
fad5a6f8
cd262205
33d5226a
226e3c9c
0b20bbb9
b7e8f5bc
db55e1af
2a184603
4207e2bf
10450966
ab0eda60
dc933c30
0936f277
605ff78d
f435c501
ebb12385
b5e62f01
37ce19b0
04c6bfe5
2599c39c
beb51a9a
1c864447
f7b92e34
266bb7ab
c47bd64d
00ceeed8
084a5e37
4393ff6e
f020fe17
c875b1aa
d3632a8d
2818fddc
4eb52750
fa45c418
c79f1ba1
b8b8fb3b
356929ca
2a6bc514
2bfeee15
ad3a0042
f7e949a2
ede8090e
4aaccbb6
db9bc427
04de0f48
d83e57a4
3a461177
e729ddc3
fbf9a682
cefe215d
32b522d8
218f3ed3
087cb968
b8cdf7a5
dd6ae38b
2c0f46b7
4447e25e
0f7f0904
aa0cd8e6
dca33af4
0b56f250
605ff737
f136c496
ea4426a4
b565305b
35d71c79
067fc13e
2517c33e
bf9f19dd
1e54415b
f7ae2d60
27a4b5b6
c388d5a6
ff31ec31
0a445d75
44b600a4
ee39fd97
c984b0d6
d3b12b50
2910ff0b
502829d5
fcc5c3e9
c85e1c2b
1224215b
0dfec55c
9e24f621
fa96f53c
216438e9
55dfd975
eb4e096d
bf6ae164
d1db48b5
285fe24e
4514f61c
f7c9bc3b
dcce4190
d0222220
327b210f
02eba3e2
14a8e0ca
c7b50f76
28c05945
f9040993
2000c5d0
b4a5c840
10f20d79
072946f2
53e404e9
d0bfeae1
d534c71c
c87a29c8
4a8efe4d
347619a9
0456c4d0
af2828c4
dbd0ff25
2a732738
3a41b087
0d450117
be8cffc8
f618600f
021aeb66
3956d551
daadb604
06b133bd
e3bf3f77
404b1c01
da23c0f2
fa24c69b
ca9819d0
4ed331d4
11412079
0e01c5e2
9e70f714
fa45f416
216538e1
57bbd815
eb4d0705
be55e51c
d2d347a9
2960e1e3
431df554
f79fb981
db94417e
d06722cd
321420f8
0568a2b1
143bdfeb
c8291043
2a0556bb
f9cb0a5f
2160c620
b456c98f
11400d10
083445fc
535102a4
d164ec9d
d59ac72a
c6c6290d
4c8eff1a
3549170c
0616c55d
b0c02b67
da70ff3d
2b5627fb
395eaefb
0b6000d2
bd6b0096
f86a5e45
0448eaeb
38dcd769
d947b67b
057d30d0
e5593e57
40621a1e
d7b1bd98
fa5ac5b4
caf318ba
4e1d30bd
10a92312
0fc1c5af
9f17f8ac
f9a1f4f0
2114396d
56f1d92f
eb9f086f
c0a9e18c
d20a4543
2821e05d
4771f64a
f6c4bb0c
dcaa41b3
ceee21c7
32502063
044ca299
1239df8e
c8b1111f
29a8594c
fa9b0af2
1e3cc6cc
b155c618
12dc0d1f
091e465e
54bf04ae
d037edad
d4d0c8df
c71d2801
4b6bfd41
3546189e
060ac3e3
af1d2a0a
0c89fcb5
0708dcce
91f2ecec
0fed0e58
1d711c3b
6150dd82
ccbafc13
d20ffd83
cb923ff2
43aedbec
23e6ea25
037bc38b
c79351d4
f5a61cbe
1d281d0b
0c909424
f7d6f6ca
df200ca5
27456728
0673e8c0
0b46d90c
b2d3bdf9
17912e3c
12fe2991
51850eb9
bf0fd6c5
dabfed2f
c9621c9f
616408de
1c91fc03
0b45d69b
9ae72c30
fc410cfe
1c9015fb
462eaa82
eb940534
d8ac0bac
ed6b6398
1aded48d
1a65da13
e102b1af
fc564dcc
01832d44
33862158
d515a8c4
ede0e87e
d5e10acb
58c34321
0dc1fe04
06dfdda3
928dedea
0f6f0ff5
1c871c20
5ed0df53
cd2efc78
d4acfdc5
cb6f3ff7
4609db59
2559e979
01fcc3cc
c93d4f8b
f3f219e9
1f341d78
0cfc941a
f65af7dc
df500c49
292466f2
08a3e848
0b04d861
b35cbef4
17612f14
14c62aae
52b90d94
c037d681
d9baeec8
ca2d1a29
62bf07b0
1f13fabf
0c05d7bb
9c312b11
fb850e0d
1a181788
45f2a960
eba20817
dad10a23
ec6c6545
1ad7d6ba
18b5d9f7
e280b1fa
fc874ebe
01482a20
32b92286
d655a6d9
ed56e9df
d8d20d98
58b54252
0d27fea2
066edee0
91dfeea9
11410fd6
1d801e48
5f9ddf8a
ccf9fda8
d36bfc73
ca9640f9
4577dc34
248fe9f2
027dc42f
c9915157
f48e1a5f
1dc51db9
0d769138
f78cf60b
dd6a0a31
27d4653d
04b4e91e
0901d8f2
b290bf0b
17842c1f
13142ad5
52a00df9
bddad61a
da72ecaf
c9421d11
638008d0
1d66fc5b
0addd7db
9a2f2bdf
124eddf8
ef32f4e8
9935e86f
1b052986
232ffadf
59c4eb28
bc4beebd
dde41f64
cd9f2cdf
5778e1d2
08e7d35d
0c0eda60
b9be52a6
15c42287
07720bc1
18309236
db26ffa3
fe65139a
1caf667c
185cd454
ea6ce2c1
c11abce3
1242449e
2c090f06
3ec8137e
bb8fc3d0
d29f0fb7
d8cf08bf
67441195
11d3dd2b
03e9f34e
963e2265
144f1faa
10f0f6e1
4a3eb34f
cfae015e
f37122d1
e3b956e0
3060ce86
f695d389
f137bbb2
f00e598d
22451f5e
1a331c4d
db4d9cbc
d774025d
f2690259
538b4888
1122df26
efe2f76c
99a5e4e7
18fe2863
2416fa8a
58e9ea7a
bc5feba8
de8e2026
cc622c9d
5744e1ab
08d2d23b
0c41d9a3
bcf55066
15ba21c9
091b0ac1
194c9219
db4300f0
fe621221
1c17659a
151ad394
e96de35d
c32bbe15
12ac4466
2bfd0cc5
3f4f1622
bb25c375
d5ac0e87
d909078d
67761284
1361da29
04f5f5ed
96e22268
147d1d1e
1126f853
4bc7b56c
cede00df
f1fd2126
e7a95556
3153d041
f5f5d298
f2b5bee2
ef7e5921
22e31f40
1a481dd5
dd5c9aff
d7e5028c
f26c01b2
52a64aad
100bdf56
f0f2f6c2
9a5be665
199d2aad
22cdfa33
57a2ebfe
bcb1ee54
dde51d97
cb852c76
56bce23d
08abd2e1
0b8fd93c
bb164f57
14f6218f
06c00a04
17f492ea
d97eff79
00111222
1de867d0
19f2d3a1
e989e28a
c0b7be62
128d44fd
2c020e0f
424e1505
bc24c580
d35c0ed8
d8e90886
66d011f2
1123dad9
02d4f538
95ee2258
1c3fcebe
d15b0855
aeafe439
17073a90
3515dd05
4082f8db
bd9ae338
e01b40e1
dd411475
5443ebb0
f8ccb813
09b2fb7f
bc3a443d
2cca2fbe
f703e962
1869a398
c502ff7b
1eae24f4
12115301
2695d138
c4eae491
d8cdc972
09454a4c
4738ff05
22511517
c3fec096
c42029a4
f639fb84
5ed2187e
116ac0c2
f34d1398
a3351877
1c3532ef
104cd43b
3ec9c783
c4caf631
04a23fe9
e5a63b1d
3bc8d548
d7b9c141
0158d85d
e73b5328
3e791ddf
fecc0a2c
e4aca353
c0e50f0d
1794036c
43a645c0
1dafcdec
d34e07b2
af09e441
16f738f8
3512dc92
4089f8b1
ba4de302
df313f3c
dcd012f6
588aed0a
f991b8a1
0ac3fb1a
bd1b448d
2ce13011
f7f2ea46
18dba265
c5000084
1ede2530
125f51ae
26ddd184
c4dde4ac
d867ca94
0783499a
493bfdab
21341504
c2e9c0e7
c5fa29de
f891f9b1
5e181805
1194c1b5
f3a21308
a30e17c1
1cb53178
1016d222
3fa2c662
c213f6cc
047d3fa3
e4ba3c43
3a97d39f
d858c330
0276d852
e6be5464
414b1cc3
fe120c1c
e617a131
bfdb0f49
15f903f5
42914501
1cfacb06
d1070567
aed6e474
16bc3927
365adb2c
4234f9dc
bcb3e19e
e0d43ff3
dcca14b9
5595ecc1
f8f9b8e0
0a54fae1
bb9044bd
30b42f40
f725ebce
1a5ba406
c49a01f2
1df924e6
12d1553b
2615cfcf
c6dce55b
d829cb34
09134879
47b4fdc3
204f14fc
c152c097
c72c28f6
f591f7b4
5df2167f
1143c11b
f1921268
a262169a
2878cccd
b0300d2f
cc74f04f
0b5938c8
4aa6ca53
2109fea0
ca32e2ff
d4f7583d
f904fb0c
453df091
f7aba4d1
fe5f1d9f
cf4634e6
33203c2e
eebbc6b3
10b8bd93
bd58f8c1
31b93e86
09e13486
2a09d6e5
a7b6d9aa
eecee64e
024e3e07
5f7ef950
fd8e0986
cf05cc77
b42a34c7
1b97f18f
46c70ffc
1c5ab462
d7c22827
be0811c0
1aa23e64
1b54b630
28f7daef
c78deedc
0bf65d3a
f14e1c50
333fde78
c8a9b169
0609fad3
ec0243c3
53472652
e43feffc
ea41bb26
b3510fb4
37bf0d8c
311f2eb2
286bca1c
ade90e47
cddef087
0b6b37cf
4b5ec7c5
1eb4fd26
c95ce2ab
d5775630
f9eafc91
4417f073
f710a4f9
fd5c1f0a
cd0634da
327f3ce0
f20fc7f0
0f9ebd75
be34f79b
32b53d5c
0bd334ce
2a3fd8f8
a807da7e
ede2e699
01313e50
608af77a
00460772
d0c4cdd7
b5cc340f
1bc9f467
481b1009
1bb3b512
d6f829c7
be091351
194a3b13
1b77b358
259edc5d
c6e5ef4d
09795c9c
f37b1ad0
34e7de5b
c98cb008
08a8fbe4
eb56430d
532525fa
e75aefd9
ebcdb817
b1ad0e46
38c50e43
308530a3
27cdcb2a
b1660d39
cd5aefd0
0da039fd
4b17c957
1ff0ff3e
c912e0e5
d746549e
f7fefc26
42b1f0ac
f83da45e
ff641db4
cee035ce
33a73c76
f002c72d
0e78bea9
bfcdf8c1
31f13eae
0bbc3556
2976d9bd
abd5d8c1
ef91e5da
00233f42
6290f790
fe3408b5
d0afcc90
b6ea33ed
18a7f34f
47790ff8
1b86b673
d5bd2a2c
beb11307
28dfdb6f
99b40842
e7eb08ba
05702813
5ca9c3a1
fc09fa0a
dacaf12b
c9fd5f13
18f1f02e
27a3eb8d
ffdca044
e97135b7
edc92ca6
29e74087
f597ae89
f730d6d4
cb10ee79
3ac5539a
12d91024
1f2be758
9d95ccfa
f91d0673
042d245f
6e07fea0
e2b9f2af
da6fe8a9
aaf1301e
382cf563
2fd1fa24
22f0bbf6
be2732a6
dfc61a43
0be134fc
29b6a2bc
0587e94a
dbdaeee0
0797717b
0a010131
1d06e6b9
c9c7a338
02441e21
000429cf
547b2fe5
da3dd267
e340d9fa
b10c0368
4f441fb5
261e0de9
2774d9fd
999a0876
e92807c9
03c0290f
5bffc490
f9baf6cf
dec6f321
c9ea5d49
1917ef99
262debde
00249f89
ea03372f
eef22aa5
2943404d
f59eada7
f878d775
cb16eff8
3aba54d0
141b1126
1e23e8a4
9cf5cedf
fa180808
06c5257e
6ce4ff1e
e610f137
d9dde938
ac293008
39b5f6c9
2dcdf94b
2518ba8b
bf3f3423
e20f1b3e
0cf73531
2c35a1a7
05f4e696
dceef05b
04636e73
09de02d5
1e49e9a0
c783a076
00d61de3
fd532d88
53703189
dda5d25d
e30cda82
b3fd0434
4ec32085
248d0dba
2afbda84
9a2909e1
e8ae0863
043d2737
5e4cc490
fb43f93a
dd0ef15f
ca915ec5
1841ef67
2683ebdb
0068a0bb
eb95375b
ec7a2bc2
28c7416f
f641ac51
f79ad806
ccdaee89
3b535292
12af0fe3
20ede72e
9c9dccd9
fa0d082e
051325ef
6bc5fd86
e38bf1fd
da6ce9ba
abde309f
3afaf7ac
2f18fc32
238db9c6
bda331fd
e1cf1ab9
1cbff060
916afeeb
fa2f236a
05f508bf
620ccc99
e14aea14
ed180fa6
c55b5525
329fef8b
07a2d777
09dcac3a
d7273f4e
0fcf2a10
169f36c2
ff069ffe
d8b7eaea
e56af00b
33915f47
2131f452
05d6f673
a185c364
fd4c2602
1776088c
67ef0835
d621db3c
d9d40cc2
b1c1203a
4d0601f8
1c08de17
24ddd0c0
acc82f86
fed92b0b
fea720cf
37bca0f0
e3cee946
f61dfe9b
fb0d6cff
2344f20d
fbc0e742
d53ba459
f55a3747
1db6197e
43cb3648
da1ebb80
d3d3fae3
c353f6b1
540730da
2492e9d2
1b12f075
93c1ffbe
f9b423dc
05740969
6254cb25
e19be9b0
ec2f0df7
c5ce54cc
3421ee8f
0ab3d841
0b94acc0
d75641e7
109b29ff
16663835
ffd89f34
db49eb63
e5a6f099
363b5dcc
2378f435
055cf7e0
a252c321
fb4c25f3
17ef0842
665409f9
d77adca3
da480d1c
b34e21e2
4b410253
1c2edbf3
2653d00e
ab91310b
ffb02b51
00951f07
3654a284
e3a8e696
f531fe30
fbe7717e
22b7f03d
fcb3e826
d4dba402
f4133464
1e881bb8
430532bb
dc61ba8e
d11cf97a
c48af77c
53d92f3e
2451e9f8
1bd6f1f8
9329ff1e
f88323af
04780ace
6376ca24
df27e7bc
ed700ee4
c56953ce
3539ed5c
093fd7a8
0cd7aaf1
d5874122
10ee2a7c
16323750
fedda086
dbb1eb41
e565ee68
368a5ef7
2070f3f5
045ff881
a1e9c537
fbb62625
161607fe
67530834
d817dd65
db2c0b6a
b2342234
4dff0253
1b6cdd59
2497d064
aeaa30cb
01292b91
017f07ec
9d8bf817
fdcf3de4
103fe4ea
5867daff
d5b9d8c6
f39630c3
ca8c3f7a
41e1f7e2
f1e7c015
100dc5c0
cb8d3e6a
2fac3413
029d1f5e
08bda414
be10f088
056bf9f3
2a3258e2
36ebe275
e08bfdf2
b2e7c9d9
f3d0371e
32ddf00c
50490f39
d72ecd0c
ce0c2bb5
c56e0f69
4c7f0c7d
1539bc6f
1adbed4e
aeda286a
131542fa
f9b7fc47
36adae5b
ccfbdfd1
0cfa1c13
f6085e03
3675ed4d
d8b6dbe0
e342b3c6
e79e3c12
3f18127e
29fa2b3d
e436b648
b9fa1084
e473f2e9
4bfd3460
2f00cb8e
0120068f
9f27fa69
fdcf3be0
0f10e67d
5641da33
d53cd9cf
f3a233b6
cc833e5f
3fbcf66c
f0a8bf8f
1068c77b
cca13cfd
2fc134c3
02051f7d
0a42a510
beedf037
0695f980
284b59d4
350de560
e2c5fdce
b420c813
f3bc3ac9
31f4f24a
50ac0e6f
d8d0ccb8
d0962e27
c5bf0de7
4e010e05
14c1bb87
1be8ed56
ac3326ed
13564188
f7f3ff02
3631adf4
cd7edf37
0c351bd0
f7215e46
36cbec10
db5cdc17
e528b301
e7613c11
3efb12d4
2bd72a95
e440b73f
bb5d0e8e
e260f374
4c9f346e
2d8ecf71
01e506c8
a052fa7d
fee73e6b
1197e94b
5893d932
d494d91e
f49532ae
cb673e01
3fe1f6fb
f08dbebf
0f7bc5f6
cc603b96
2ffd33bb
01e320d8
0646a306
be57ef81
05f8fa7f
2b7e591f
3736e382
df99fd87
b48fc854
f40c37dd
3123f0bb
50520cb3
d7abcd92
cc802d06
c63e0f48
4b850df5
13adbb7a
1928ee45
ac5f2832
15653f98
dff614c2
b5f2fceb
f7f84a52
2746cae8
3b1be275
d861cfdc
f038520a
e0d727c1
3d33004c
e5a9a52d
07f1e988
d2dc2cf0
438b43bf
f652fe74
0737b715
ac75ec59
21c211a4
2280422a
4378e449
c09ff856
c8f7d970
eb7e3c51
4f70e5d1
2f71074d
e35ccb35
bd5942a0
e72b048a
41091054
1919a31f
02ce09b9
bc2f1e09
19e452fc
fededc62
2952c134
c3a9d448
19f63a84
fad641ea
3cdef50c
c242c7e9
f0f0d145
e0a23390
5b0c18a0
0e8d12d1
edffc1c8
a2751883
07b5f991
3e0d2a59
3bfbbfed
df641505
b731fd41
f81f479b
2584cb38
3c18e544
d8edcfdf
ef854f30
e17c256f
3c67fe98
e434a48c
077be94a
d23f2f75
4315436b
f5fcfeb5
08beb684
ac0eedcd
2260110b
1fdb41ed
4501e34d
bf2df6f3
c90eda50
e9ee3b09
503ae6e0
30a008c3
e324caf1
bf4543f0
e6d001d1
3e130ee4
19c0a28d
04d708c6
bf621ec1
19a4539b
fca7db78
299bc28c
c572d13e
1acf3a4e
fb5f4280
3dc5f5de
c09bc842
ef4ed1e2
e2d134e0
5b2417c2
0fe61287
ee88bea7
a470170e
0543f793
3bc22af0
3cf3c0fc
e232141d
b72afc05
f885479e
254eccdb
3ca8e392
d881d010
f10a5237
dfe92480
3abbffc3
e59da46e
0905e88f
d26c2ee2
42c7435d
f545fe0e
05cab798
ab5bea02
223d122c
222a41cc
431ee251
be0af997
ca25db62
e9103c61
4f5ce51f
31c70a29
e254ca27
bde442e1
e5700432
401a105c
180fa28a
03900b8f
bcf21eb7
1af65358
c25315e0
d12e0cbf
eee542e3
3c2abfb0
19ede3e1
e777d3b8
e3e16670
ff8f130c
25cf0262
e87b93e9
f8c308c0
e9b522d4
43c64ead
f394dbec
f8d2d140
aa28e22c
336e2a44
22051e3b
44a9ed82
a82fea5d
db97f75b
e60e2b76
6642e627
108ef5af
ef19de25
ad5f4921
0ab0022b
2aab0232
21479b01
e83a1b53
da162015
11d95a27
0c46bf0d
0c50d302
cc6dce51
1a865615
0ac8224e
314b0200
b6e0b3c4
efa2f566
ec2b2049
68cf212c
fa61f7dc
ed2adaa7
977512bf
27ce0682
2bd5103e
4484c486
bfc2166b
d2fb0b72
ee8344d8
3de4be9b
182ce292
e7cbd24f
e3a864da
ff901268
2741026b
e8679479
f6910883
e8422281
427b503b
f260dc42
f759d189
a876e1ee
33e92bdb
20b51fca
443bec74
a907ed46
dca4fa0e
e7472ad4
66c2e64f
12b8f6ea
ec04ddde
ae364a5c
0bd30085
28ee0462
23039f2d
e5161bb9
dc781d4f
109a572f
0bf1bd4b
0b17d3be
cd77cded
1a9355b5
0ca421df
31450074
b5ddb516
eebef541
e9ac204d
69f22189
fbb5f5aa
ed7eda23
97761471
232b0862
2bd1107b
44f8c664
c366169a
d2050b33
edfd4378
3c4bbe0d
1840e244
e7cbd32c
e443657d
fe5f1446
25ba030d
e9f19349
f9fc0659
e6c020c7
42d94e94
f4d2da9b
f780d2f4
a8a9e228
32902ae8
21871fb4
439eeb1b
a5eced90
dc13fa15
e5872c35
670ee4fc
0fc7f631
ee0dde10
aeae4a3c
0abc00a3
282c031a
24cb9c8d
e7ef19d8
d9eb1fc0
111d5852
ae3a0f64
ea5a262d
e83b2f5c
4cc2bd91
f7ecd9ee
f936e9ca
d9f16876
1ed10d5d
0a64f7ec
f2a09390
e45d1b46
09b01bcf
388251c9
fc3fc1a3
dd18e9ef
b95edd5d
35b63f0d
2bc3feb9
3365fc27
a1c7df1d
e3e01b9d
ee7811ac
6c13eeb9
fa72ddd7
f306fb44
a837443a
27ac0a24
122ce91c
2a2ca5bb
cd6a223b
fd9e285d
04f64d5a
1cbab118
e818d9cb
e1e1d227
13d064a8
27620c2a
1628049f
b8bda983
e77f1556
040a0d9a
65b52a9e
f710d6d3
e2eff879
9bc106b1
37661bc9
2607ee43
4161d6f6
aea00dc0
ea042760
e8502d06
4d26bf25
f687d906
f81ce783
d7d667f6
1f350c39
0a35f985
f28d90a1
e3bd1d6d
08d01bae
37e850f1
fdc8c3fc
dc6de7c6
ba11dc1f
36f63fa2
2e39ff8a
33f1fd26
a125de5c
e2c71bfc
eeb01289
6d80ee9b
fb5dddc1
f45efb9f
a91b431e
26920bd9
12b1ea6e
2b82a521
ceaa2070
fd882997
043e4f1d
1d14b299
e685da6f
e351d528
14676262
25c80a23
170906e5
ba1ba89d
e59e15ea
029d0ccc
64442b84
f53fd9b4
e328facd
9ded0829
34351ac8
272decbf
42c6d4bf
aeb60d66
ea13278b
e7072e0d
4dd7bd22
f6e0da21
f94ae698
da8467ef
1fa80b5e
082cf7df
f2519276
e32d1ced
0a8b1af3
388a51ad
fb98c420
dde2e8d1
bb4ddce1
355d408c
2b62fee8
331bfe1f
9f80df24
e2cb1bdc
eed81210
6c29ec74
fb4edfcf
f453fc83
a86a4200
26f60ad4
1351e8c1
297ba700
cc91207b
fe232a18
04804ca0
aa6704cd
f7b34642
ed1f0f90
4d51c91d
dee8c815
0514094a
d5175b5d
37640f69
edd7e1b6
fb47a255
d0012212
2dd422ad
2544421d
08b2bb65
bd1ef4f5
d65be08e
2c7e46f0
4098e531
167609af
a811d8f3
de8e37c2
03bcf660
6530f416
f1fac8c4
eef61ee0
b2c0334d
35621855
0577c9c2
28d6bdd8
c2401b18
1b113d7b
fb1532bf
27c8b569
c8f2d4e3
fa86e7e2
090c5f76
3fb400e3
f5b9017b
c790adea
d6f22739
262dfe7e
541d2923
fb37c758
cda71768
b3defe81
37b22b34
2ac8c8d6
314eea38
abaa0472
f71d448d
ee5a0fc6
4e94c851
dff0c716
05440834
d5a3595a
360a0d31
ef07e193
fc1da2f4
cf4f210e
2d8921e6
26aa4419
06b8baf9
bd76f589
d78be164
2e3346a8
3fa4e4ee
157a08eb
aa79d888
dd843788
04c3f640
64d9f582
f129c987
ef4a1da1
b2f73335
35ad182c
040bc7e3
28f5bdac
c0621ae4
1a8f3f60
fb97334e
26a1b596
c76cd666
fb14e802
087c5f90
437d00f5
f5400217
c6beb10a
d91d295f
23f0fe15
54fd28fc
f9ccc692
c96c15f9
b2f20082
3899283d
2966cb49
3116eb87
abb803a7
f8f044b3
ef290ebd
4cf2c73e
e025c804
03d40879
d6105b80
37420e5d
ec1ce028
fb44a220
d080229c
2c572057
274043a1
0785bc4e
be05f5eb
d6bfdf24
2e104570
3ef1e381
170006bb
a909d79b
debb3809
036ff74f
6301f50a
f1a6c836
ef8c1d07
b0cc335c
342e18f2
054dc8b5
26f6bd43
bf0d1a3c
1a593f54
fa5f33a9
ba880133
f5c85e00
fe35ef3f
3ef8d4b6
d613b82b
08092d30
e2e943ec
41bc1aef
db5dc3cf
fb96c147
cb3f1b3a
4a2d2f47
14262798
0d9dc2bf
a09bf80a
f472f0a8
21c53d06
52a4d8dc
f18607af
bb15dfc8
d4d945e2
2302e496
4993f65f
f6b6bb29
df133e34
cc43244c
33382235
0342a856
1689da71
c5011367
287d56f4
f8871130
219cc32e
b53bcc4b
0f1806a7
07b1487c
52ac02e6
d61befe9
d360c42c
c9ea2b7f
477cfd67
38f21d17
0428c3e3
b3d22760
d414fda7
2c2f28f0
373fb222
121cfd48
bbd5ff45
f99f5d7e
0131f116
3d38d5e6
daa6b71a
08e52d63
e25243b1
40711b0a
db4dc5ed
fa45bfeb
ca6f19cc
4a912e5e
143e27a0
0f77c277
9fe4f8a1
f533f0fd
22a03cad
547fd88a
f1920775
bcb0e220
d4a947f2
21ade2f9
4a87f70b
f666bce7
dee33d78
ca5723af
30d1221f
02fda909
17ecdad5
c53a12cf
284856eb
f70f112c
22cac359
b41ccb58
0e77041a
08db4c86
538401c5
d678f151
d28cc5b2
c8f12c72
474cfc31
393b1ba3
03c8c2c9
b122291a
d2c7fd85
2ffa2a4c
361db20d
1347fc5a
ba28004b
f8035d1b
fd3eee8f
3d19d3fd
d8f7b74a
078a2bb7
e132437b
4061193b
dad2c536
fb03c1b7
ccf51aff
48cd2e9b
13a4285d
0da1c539
a177f638
f628f0d7
21003c93
535ada10
f1020922
bb6be06e
d28f477b
22a9e46d
4b28f7ab
f4f2b9eb
dfe73e4a
ca882529
3258215b
03dca935
178fd9e8
c57911a2
297d569e
f7d91122
d42908d2
ee3163dd
167cd61c
1e22d8c5
e1c6b2a5
ff2a484a
fc6a2f15
3575200a
d540ab1a
f201e21c
d35a0d1c
56f54025
0a2b031d
0899d9f4
937ff180
0c8d0aec
1bac23e9
5e87dcaa
d14affa9
cecbf9c6
cc254345
3fd0db92
29c9ee01
0190bfa0
cbfa4e89
ed111bd7
22a120a0
0c1e93ce
fcadf48d
db100be9
2ac26677
0283f024
0fdad600
b0f5bfd5
186f2a01
11b82e5e
528f0ca6
c069da00
d910e35c
c7091e58
5dc40406
224e023f
09c7d3cd
9d4e2d4f
f701089c
1d4b1b53
437ba89e
efa0067e
d3430898
f00d63d1
1699d7f2
1f4ad86f
e054b06c
fe804b7b
fb752d4a
364d209e
d535aab2
f16ae178
d5780cfb
58793d29
0af502c1
0823d7b1
9324ef81
0bad0b05
1d3022f7
5c3bdd42
d1c00083
cfdef801
caff423b
4202dc62
2b56ec5e
0044c1d7
cbc74e80
ed591d51
231c20c3
0b89960a
fd55f272
da560de8
277e66e4
0226ee5b
0fa2d667
b246bee4
18d82813
10682e7e
54b00be5
bf76dba0
d9f8e59d
caae1e06
5fbc04f0
21e3027a
0891d333
9d282b4f
f58809c4
1cba1aab
41eea808
f07f067e
d22c07fb
edc8640d
15f2d6b5
212adc3f
e03ab202
fe7c4945
fab62e26
379d1fa9
d5ceaa2c
f0a2e36a
d3e30d5c
55493eec
0bc802cb
09e2d8a3
93e3f188
0df20ba0
1d4d23e7
5efcdca0
d1100169
ce5df7c0
c99843f5
4262daa4
2a62ebb8
00d4c09e
cb054f85
ee291d6d
21461ed8
0b7594e8
fc6bf218
d8ff0bbd
26116570
0357ee7b
ef311e95
e7ed59aa
2d7acf2e
fc4dd5bf
ef93b9d4
f10d583a
1e1d1e10
1ff62043
da9f9dbb
db53ff38
ee7f03c4
52ec47e5
0ed4e37e
f3efeffc
97aee7d9
1abd25dd
21ed0140
58fee7ee
beb0eea4
dcd71969
cae73103
5502df93
0d0cd89f
08abd594
be385158
106220c6
0c4f0bcd
1652915c
dfe8018e
f7d311c2
1fea68bc
13d5d710
f0cee1ca
be7bbe6a
13d341e2
253e11f0
42fe1590
baaac6b7
d5bd09be
d7790c4a
6871106a
1516e0e0
0699ef1d
966523d9
0fd61c18
1019fdf7
4b09b054
d40a0286
edfe1caa
e6bd5a86
2e7acdde
fc4bd3a8
eea9ba8f
f29258d0
1a55208f
1f601ee9
db109dfb
dcf7fe36
eeae0411
554c48e2
1007e493
f2f2f1e9
9653e6da
18b6256a
2377014a
5b80e89e
bf12ef48
df5919d4
ca5c3072
53a2e10c
0c58d69e
0b4ed4c3
be445235
12e02007
0c300e7a
15309109
df2f0187
f81b1215
1e306885
14afd7a0
effee1f5
bcc5bb8f
14de3e5d
259a11fb
45ec1610
b9a0c6ef
d54c0880
d67e0b38
68dd10d2
14b6e1f9
0750f100
94df2584
13001b43
1335fccc
49b3b18b
d28102af
edad1c7c
e4da5b8a
2d5cce01
fbe1d485
f009bb78
f1de5751
1e602008
1f2c1f1f
dbe59dce
dc33fe4b
ee4803d0
53754998
0f80e4c0
f5f3efad
9849e67f
16e325c5
21c6ffc0
5c21eaa0
be12f209
df041885
ca0d2f58
53e3df91
0e29d91d
09d5d3e1
bc684f7b
10341f25
0cef0e3b
167f923d
dfe5ffd1
f9d20f55
1da8677b
1513d729
027f3d72
e4194140
3b55d2e7
dbefc666
fe3dd34d
e8a7567a
3cbc1d39
04fe1017
e3f4a1ab
c4dc1006
114602d4
45de4841
1b05ce1b
d65d0668
aa5ce52f
1878373d
3172df45
4721f7cf
ba11e57d
df8e3ce4
d8e316a8
55f6ea59
fb30bc9f
0b46f52e
bc8744a4
29882c3b
f832f0c3
19499f27
c7e900bb
1878218f
10cc5a09
2372cf83
ca8de492
d471c7e8
09f04a03
42cdfce1
27011647
c107c09e
c6fd25f9
f0e3f99f
608d154a
129dc471
f5070e12
a11b19c2
1bc63172
10e1d8f6
40bbc463
c343f8bf
00c839dd
e5044172
3af5d203
db88c705
fe7ed2ac
e7035685
3c6e1d29
03150f12
e4b6a0e3
c5420e18
108701b4
46634686
1cd5cdda
d81305e5
aa4ee238
1628371b
32c9e167
4713f5f3
bc4ce396
decc3c01
d63515cf
5574e92b
fc0abdb4
0b26f58b
ba3446dc
2a592b07
f8d0f048
1a0e9fcc
c6f80042
1a8e206a
1280562d
23bcd024
cc20e407
d61cc769
09b04a00
44d8fe8f
26b31617
c176be75
c84a259d
f27bfac0
605c1a0f
11ccc49c
f5ea0e62
a20e1921
1c7a2f95
0f67d9d9
438fc484
c52dfa1b
022c3aeb
e34042c7
3aedd247
dd0fc905
fe5ed3cc
e8595546
3bd71b66
02650f14
e5cc9ed3
c4970de5
102e0254
44f146de
1bfccd9d
d6cf0433
aaf8e41d
186335a7
2f1ddf21
4649f6c3
bd59e3ba
dfa739e9
da651a29
58f8e9f3
fbf5bdce
0c2df5de
ba684836
2b5b2ab8
f9b2f0e9
19e59d33
c9d60136
19162050
10c85a9b
2427cfe7
0993596d
ef12239b
368eded6
c9f8b438
06acf48a
e8c24600
5117267d
ea4ff535
e98bb3bd
b31c0efa
325f0e36
341731b7
2499cb2e
b6440cf5
c65bee18
0fc43a16
46dfcb55
2653fd04
c682dfe9
d82255f5
f28dfec0
488ff2bc
f767a7ec
025417b5
c8db37b6
30a93afa
eea4ce83
138cb7c5
be6afa2f
304a3889
0ae83c45
2c6ad633
ad18db76
eafde07b
02444188
5d1cf93b
061e0a59
ce56ca21
b6113399
1440f31a
4b3013a0
18f8b5b2
dc862788
b81513df
1b7d3ce4
1920b936
2c8dd9b9
c710effc
0a0b5618
ee9d217b
35b0dd5f
cb18b2d0
04daf66e
eabf4756
51d524fb
eb60f30e
eacdb588
b3f00f7c
35ce0d00
33f63274
2577cb9c
b5630bfe
c6e0eded
0dc6386f
4732ca63
2574ff37
c780e2bf
d83554f3
f40dff9b
47aeee93
fa8da83e
0245179b
cacd385f
32a539eb
f21ad037
1320b6e7
bdf9f834
31243a18
0c2c3afa
2a73d6d1
ad85dca9
eb1fe12d
03824098
5d0af7f0
05360b1f
ce6fc9f1
b93c335e
13c8f14a
4b73132b
19a9b635
dced26c9
b73a14dc
19f53b4d
1896b9b6
2d11d7ec
c728f072
0a905815
efcd2163
3798dd88
c9b5b2b7
0846f3b6
e9e44769
530422d5
ec1bf6ef
eabbb61b
b3d10f75
338c0b1d
3477330a
26dccaea
b7280c79
c56fede4
0d613ac7
4672cbf6
26d1fd6e
c59be2fc
d7f35367
f3b8fd7d
480df0a3
f70fa76b
ff661829
ca1f377c
346338f3
efdbcdc3
1324b7e3
bffdf9aa
311a37df
0cee39c5
2b1cd60c
06c66d85
04b90529
22dae865
c844a5e4
05591718
fad32fe2
55492ea8
db50d825
e746d207
b06f04e1
4b4c1c1d
278a14d5
2775d805
9dc209fe
e3910210
05672b7c
5c19c40d
00adf88e
d8c3ef9f
cd975e05
136ef156
2c89ec11
ff929f2b
edc731fe
e7082d6c
2ae6400b
f547b08a
fe3ed36e
c6caf082
39684fdf
104a1862
23dbe492
9da4cf87
f80200e9
01cf2b3a
6c74fd78
e952f633
d8ede323
ac433226
3524f5d8
320ffdf1
2257bb56
c1a3312a
dcb4184d
0d61395c
2970a499
0bd2e70b
d63beed0
04926d5e
03c804b2
2237e6e8
c8fea4f3
03e6186b
f9cc316a
54d92e04
db45d5ec
e7e9d680
b0a90556
4a301da4
26bf16b5
29afd6c3
9c330b50
e23101fb
065c2c9e
5c23c2f9
01fffc18
d971ed3e
cb1d5ec8
1383f12d
2d46ecaf
fe0c9e92
eda333bd
e6f12b49
2d1b40d9
f366b13c
fd41d44e
c6dcef3e
3b524f6b
0f101771
2282e58a
9e86cef9
fa68004c
03942ac4
6a69fbdc
e851f731
d857e09f
acaf3290
3648f5de
322000c2
2160b865
c0a63308
da0717c4
0cde37f3
282ba720
0a98e592
d7deecb2
07506bb3
058b0406
2111e584
c6d5a505
04fd177a
f9db30e2
54122f58
db72d877
e5c4d280
b098058e
4a161c86
2838137f
2987d78e
9dfb0939
e5e10229
05c229d5
5a4ac40f
02d8f901
d8b5eeed
cc925ffb
1341f028
2cd0ed91
fe6a9e3c
ef1a322c
e8562c11
2c2141ea
f3dbaf90
feddd4b9
c96af116
3a5a508d
0fe31755
21f6e640
fe7d714f
1e24f1c6
0344e7b2
d294a264
f681315c
17f91d03
48cf33f8
d951bf3c
d7b2f379
c152fb41
54972e05
24ddf0e9
1fc4ed7d
905001e1
f7e02052
03820ff0
6356ca76
e543ec75
ebb50864
c470588d
2fd3ee4a
0d6bdcf2
0870a841
dcb9410b
0b40282a
1b493b49
fd80a16a
e012e727
e02dee88
36b65c75
1f7bfa80
0907f3d6
a0b3c517
fe3421e7
12fc0d1a
690f08e9
d9f0dfda
da260483
afce2497
4a300205
1d54e371
256ecd11
afdd3154
faa12815
018f2400
364da04b
e814e8aa
ef8efe12
fc7f6f66
1f1ef3a9
0162e71e
d240a3ba
f6c33396
19441c8c
47ee3579
dc5dc041
d64cf458
c06bf86e
54ae2ec2
25a2ef91
2036ed51
929dff05
f84c1de2
03320e5f
6207cac4
e40aecd3
eba00a37
c3125766
3083ed6f
0eeddba7
0888a8a8
da163fd1
0b2b2b6c
1b243ab6
fd9ea014
e00be88b
df48ec58
37b05d1a
1ed9f783
0adbf54f
a035c586
fc2f2138
13d90e2a
688c0788
d833dcb4
dc0c0624
b0462309
4a6802b7
1f5be081
2568cc96
af56313a
fa88269a
ff2f24c2
3354a2ea
e984ea0a
ef14fc81
fdac709e
1ebcf26b
015ce772
d289a176
f88332e6
185e1f1f
461734ce
dc6ac08d
d5abf56b
c0f2f90c
54472ca5
25c4f263
1fc6ec83
923c01b8
f77f1ea7
02cd0e27
61daca76
e36dece7
e94308aa
c5d7587f
3016ed4c
0ee5de39
087ea89d
d9ae3f43
0ae22a96
1bda3837
fced9faf
df1ce96f
e298ee17
372c5c53
1fb2f722
0a43f530
f64964a0
349aecc2
dfd7e07a
e084af43
eb183b84
378813d8
2d742d5f
e3b0b757
bdfa0d14
dd63f2a7
4b6934b4
2bf0d20d
06a503bd
9c7af8ad
ff1b38ed
0e4eeb9d
5955d774
d597dd26
f2522d3f
c9ce43a1
3f86f550
f39cc3e0
0f1ac2b9
ce903de6
2b563080
054824c2
09eaa3db
c22defab
0092f97f
2cfe5b98
3224e480
e993fe27
ae55c446
f5d6360d
2e3ef573
54000eb8
d7b0cedd
cfdf29b4
c09a132b
4d5a0c9d
161ec1be
1b5fe92d
a9ca27c9
122a3d1a
f79c0479
387eabea
cea5e0fa
089d1601
f64261f5
34a0eebc
e041dee9
e28bb0cb
eaa53b92
3b2914ee
30832c84
e20fb55b
bdf20d99
dd5cf3e4
4bdc34eb
2decd168
06360365
9b1cf87c
fec9374a
0d92ed44
5a2cd8f3
d6eddcad
f3652d96
ca15434b
3fe0f515
f442c3e5
0fd2c191
cefd4029
2b603244
051b254f
072da24b
c0d8f174
00caf918
2e035a31
3266e5a5
e8affe08
b167c692
f69a354d
2d64f3c1
53d20e3e
d650cf06
d2c728a8
c32c1400
505c0d1d
1552c298
1d6de788
ac1227b0
10ad3e7a
f99a04a3
3977abcc
cf8ee202
0992139c
f7b46421
34feec71
dffddd96
e056aede
e73b3d35
3a461435
2e0a2d09
e24bb4fe
c00f0b90
dc89f0f7
4c4f3706
2c2fd36e
066b0481
9a8df7bd
fd9238c4
0d94edaa
598fd649
d676dbcd
f3142c90
c8bb43d2
3d1cf4eb
f572c41c
0e7dc205
cf313e89
2bef3227
04e122fa
064da3bb
c2c1eff7
007bf7b1
29f95b31
326ce2d5
e934fd7d
f8634811
3ba2f279
c498cd01
ed28cbab
e3473753
584e15c2
13c4182b
ec04bc9c
a4c4193b
00ecf5f1
3d422d6a
3b05c1a5
e7791332
b27cf9e4
f9b8472c
2358cfea
42d2e559
d77fd1f2
eff64e47
dc002a8f
3e5fff6b
e653aa4b
0c7be2dc
cf0632b3
4067406c
f83902d0
0856b3d3
ae0fead2
1bc50c3d
23ad4825
4356dee3
c4fcfceb
c59fd744
eb943be5
4ac8e610
372d0a84
dfb9cb36
c0423f22
dfd8076e
43fb1034
1773a8f1
08f50373
ba6d20d0
1a6b51f0
fc6cdf0d
2c4bbef1
c3d1d6ee
175036b4
f96745c3
3d79f381
c312cc85
eb6ec94a
e3d63531
573615b0
129517a8
eb8cbc4a
a5f016f8
0022f6c6
3db92d6d
393ac1ab
e69d1499
b12bfb6a
f93f47a0
21b7cff4
42b0df38
d509d0fd
ef3c4e56
dbf42ad0
3f04ffc4
e764a812
0acee33d
d0a531b7
40c94132
f93f0545
0903b3da
acb4ebfc
1d7c0c4a
2284468c
4109e253
c621faad
c379d6c8
e9be395d
4a1de492
35ab0bb3
e12ccb2b
c11b40c3
e2c0042f
4381111b
19a8a76b
080d0577
b82a2025
1a30517a
fa4ee05f
2a52bfff
c600d752
19693531
f93a4886
3eb3f42e
c52ecc34
ed2fce1d
e3b7359a
57a416e3
144f17a4
eb68bc5b
a7ed1890
0177f759
3cf12d11
3bbac2bf
e68b15c5
b038f97f
fa594987
216dd092
4159e0d2
d63acfc3
f06a4ec0
dd7a28fb
3e97fd8f
e553a827
0b55e39b
ceab3187
3d6e3f3b
f6fd043e
087eb272
ac39ed22
1d4b0b94
21ed4880
41a2e205
c6c8faa9
08302874
348d00b6
b7aab667
eff5f055
e842237a
69c020d5
ff19fc16
f116d5a2
99c11556
21700574
2e441577
4320c257
c5ef14e2
cece0884
efeb4653
3ac3c0af
1eb2e561
e49dd23c
e4c0629d
fa08158e
2a4d0092
e87994f0
fc2503b1
e42e2362
44994e95
f185e1b4
faf9cba8
a8cee42e
30002653
207b292f
44d8eaca
abdfed00
d7d6f2cc
e69d2e2b
6439e38f
149cfae2
ec9ad8d8
b0954a36
02fd0196
2cf00672
22fe9a5c
ec2d1981
d8ad1d1a
11875916
081cc4ca
1240d0a2
cb00cdf7
1c4f5281
097f28d5
35e9ff53
b587b7d3
f1b0f1b5
e7dd23a9
67961da5
ff4afc32
ed7fd656
98c51586
20a507b9
2cc21718
41f9c23f
c4e41640
cc710981
f16346db
3af8c021
1ff0e546
e41bd0e0
e766630b
fb4c14bb
2c9e02b2
e86995fb
fb61041e
e5c424c1
45fb4fe0
f3bae226
fba2caf8
a881e4b9
32d626ad
1f012603
4593e9bb
ab55f00d
d81ef42f
e5882eaa
63c0e2ef
1473fad5
eb05daae
b08049ca
04200113
2c05067e
22fc9d46
ed291801
d8161d97
12f15972
08e2c1b9
1268d191
cb0ccf43
1c2352ac
07d12934
36f6fdf0
b52bb840
f07aee35
e73e24f0
69141ecc
ff5ffa33
eed8d620
9a0a14d6
21600571
2f0c1543
44d3c2b9
c64e18cf
cbae0b0c
f002463e
390bc010
1dffe2f3
e4c9d381
e62562d9
f9f116dc
2b9a0487
e83294da
fbcb0494
e36a24f3
45474f3f
f500e306
fab5cbed
a897e3fd
307d2513
20e72781
447dec02
abd9ee50
217e0c15
1f60057a
b805aa2d
e9411234
fec70e45
668f29b2
f551dc0c
e67ef2f0
9bad09b6
333f1907
267bf2c7
4401d198
b0510d3d
e6b72305
e9df3368
4a8fbd7b
fcd8dbd6
f7c0e29a
d95468d1
1b3c0aa5
0f31f988
f07d90c7
e7351991
03b71c33
3c0b524f
fc55c72a
e252e42b
b690dc97
358d3e41
2892029f
385af75a
9ff0df7a
e2f71777
ed52167a
6c6cecad
fdf3e1d6
f2acf611
a88a4620
22f108bf
1690ecdc
2a04a431
d0951ff8
f6d62744
06f350f4
1a8db3ca
ed95d8f8
df26d1f5
149d63b7
20530f10
1bcb0671
b941ac2e
e8bb1117
fc27101f
672d289b
f63ddd49
e614f430
99e50a0f
3550165f
237af3f3
4420d145
b1120f9c
e5da2392
eb5e3325
4d18bb29
fef7dcc0
f504e377
dbe068cd
19ab0b32
115ffa50
ef5b9293
e74c1bc5
02fd1e16
3b4e543f
fc5bc6ea
e1a1e63a
b890dd1e
34673d5d
2a51052a
38b0fc8d
a060e130
e25f175e
eb4a1708
6c6eeb20
fc7be2ca
f501f722
a8764453
2348082b
171cedd3
2922a37e
d06d21a9
f71a2746
06ff5181
1a12b271
ee76dabf
e079d228
15816357
21140fa5
1d580673
b7eeab55
ea721145
fcd51045
67c82ae2
f604dc85
e483f514
99dc0a33
34f41905
2632f460
41d6d369
b0411003
e93f227f
e9433499
4d24bdb4
fc60dc83
f6a8e3ac
da6e6800
1ac80c04
1004f9e7
f0b1906d
e7e119c8
01e51def
3c305191
fad1c6cb
e38ce487
b510dc5b
36913d11
2925066d
39eff8ef
a16fe089
3d2f0113
fae30139
c271ac87
d9aa2788
1daaffc6
562b295a
f9cac829
d1091206
af140067
393d26c4
269ad00d
34a8e6cc
a9c004fa
f59a3f6a
ed2b172e
4f01c687
e2f2cb13
042d0472
d5d15ee6
34f30fba
f1c5e4ab
f99c9e22
d3a022a4
28901e2f
284a4598
06e4bc60
c23cf47f
d0b4dee0
2ed847e7
3d22e8a2
1b6e0937
a5d7d923
e0ad353a
ffb7f9f9
66d4f551
f245cb53
f02918ad
b04d359b
352e157a
06b9ccf4
2b32b93e
c1ca1d7c
162c3b8c
f8ae38e7
26b7b2d9
cd0ed731
f752e496
0c61622d
3b5e0242
fa840297
c31badcf
d9e72676
1f6500fa
55d82a02
f9cdc85c
cf231284
af6201a1
38ed26eb
2760d161
34ade824
aa9904dd
f61d40ef
eb7c125c
4f1bc65f
e3f1ca5d
03c401b4
d53b5dde
34520d4c
f2eae514
fb04a07e
d4002256
28151dbe
289847ba
06feb8d5
c145f4f3
cd81dd2c
2e2c46a7
3b0beb8e
1bb60797
a4a2dad3
dfc331b6
0003fafd
658cf5bd
f33cccfd
f1511a61
ad99357c
331a1487
0739cd3f
2951b759
c2861de0
14a73ae4
fa2a3931
2753b3bd
cd08d7af
f801e37b
0ae86229
3c590180
fa010389
c47aacbe
d8cd26fe
1cea019d
562e2c3d
f892ca8b
cfc7130f
ada7ff85
3997260a
28e2d1cd
358ae6c0
ab6102b0
f8803fba
ecbf14e9
4dd9c5f4
e3d7ca3b
04ae017e
d5f25ca2
35380e29
f3cbe5a2
f9c49e46
d340235d
27e220a4
285b477a
0605bb0b
c2def56d
d31dde53
2fcb46c4
3e20e9a0
1c6c06b6
a706d8ff
4df0007f
db41f5ad
d194c0d5
c96e2bbd
40f6fe0a
3eeb2112
0396c028
b6122430
cc7afbbd
308a2be6
33f4b63d
1885faef
b740fe12
f9025899
fddaf507
413ed24e
d881bb89
072d2522
de2c4848
40bc1804
dccfc986
fa94bc26
caba1b27
45c52b99
19032afe
0e22c0ac
a67df828
f1fbed68
250e3ea6
51c7d931
f91809fc
b7d3de65
d658451e
1e9be3d6
4f31fa25
f569bcb2
e4d1374c
c54e2796
33a320e9
0444ae59
1c00d695
c3fb13aa
23c15206
f8321806
24cabfcb
b706cc8c
09a802d4
06cd4dca
5173fffe
dba3f2bd
d389bed5
cb6529e0
3f98fc3a
3dc31d53
0171c2aa
b70f25a9
cdb3fd37
309c2917
346db601
18cdfc4f
b577ff02
f8495b47
fc16f50a
4117d19a
d886bac4
08b226c3
e05f4890
3fdb1970
dc68c8b3
fc12bb38
c8e21cbe
45a92c56
16332ce0
0bf9c0d6
a72ffa0b
eeafebd4
240b418e
50ecdca3
f8040c13
b693dddb
d5b7456d
1cace669
5050f98f
f3c6be0a
e09a39f8
c4f32525
345b2108
0601add4
1a12d747
c1551273
283f51c3
f6861628
24d6c134
b897cd0a
0dd501c2
05bb5098
4fce00cb
d839f4c5
d158c08b
ca372ba6
3ff3fe3e
3e3f2059
0003c3a9
b7dd2671
cd10fc96
2ff52aa1
33a5b6cd
1772fc60
b688fdd1
f8ec5934
fba0f475
41d1d061
d923bb30
0613250d
dfc4495e
3fbe16b1
dcb0c760
fd74b9d5
ca171dcd
46982ca9
15cf2bb4
0ed7c065
a584f86a
ee29ef34
25be3f99
524fd991
f9b709c0
b867ddb0
561b0a92
c2c3dd55
db9fdf74
c87e2368
5cf504b6
23090807
09b0d082
a0e32be1
f1830742
1fd220bc
424ba93f
f6fe062b
cf0a078b
f14062e5
1448d93d
2520d7b8
ddd1b00e
01cb4441
f76e30e3
381f2084
d5b3b07b
f54bdcc1
d2fa0e8a
56733c72
0c2809f8
0b0fd55a
9194f20c
0aa506de
1d5b25bb
5f50da05
d7190358
cd9ff29e
cce3442e
3d2adc48
31a3eef2
ff46c04c
ce3d4e02
e8eb1c0e
260a2240
09af96b3
0326ef1a
d46d0ce1
288f632e
009bf561
131ad3a4
b2c8c1b1
15fd23e4
0f1334ee
55430c25
c375de60
d981dcfc
c7282126
5b9c04a6
235a08d8
09e7d027
9de42b4f
f118068c
1e961d4f
431ba9d9
f5810479
ce3b07f8
ef5863f6
11badb41
2536d8c1
dd65b0dd
fee943f5
f73233d0
3ad2217f
d516af16
f487dc44
d11e10a2
562b3cfc
0c3109f2
0b6cd46c
922cf1b8
0949065b
1d62288a
5e05da81
d63201f1
ccdef1d9
cbd443bf
3c22dc97
301def9e
fecfbd7a
ce5b4da4
e65f1e2b
257d1fd7
0c1e9792
0249f0a4
d3110db5
2b73651e
fed2f3c1
14f5d331
af17c213
17ec2278
0d7b3212
54930ada
c1fedd83
dac6dfa4
c5c622c1
5b34046e
23710656
0946d073
a02f2de3
f1910764
21031fc2
4136aa35
f579048e
cd4605ba
ee5a6557
12b2dc2c
23eed867
dcd7b140
01ee4457
f5d4306b
3930212c
d368aeaa
f4a5dc6f
d0500fe7
56663d68
0d510a81
0b15d492
95fff29d
0b2706ee
1c87279d
5e6adb96
d47c0075
cb89f20f
472314a9
badaca82
d8a4015c
d3dd11f4
692510f6
13f7e6e3
088bebe4
943e260d
0ddb1989
14150476
4ae7af95
d65e04de
ea731a1a
e8d65ead
2b62cd72
0063d8ac
ec31b6f5
f37b5641
15d220ba
24c21f38
d8c49e8a
dee6fa6d
eaf802ad
571649b7
0c99e987
f9e1ec31
937de84f
19ac21ba
1f5e0607
5dc8e7b4
c0caf392
db161140
c9f93594
52bedd8b
11f7dc3b
09bdd023
be655132
0b1c1cc1
119a1324
13e19131
e3e5006a
f2380d50
221266ac
0f2edbc8
f6e7dea3
bb98bcc1
14d13ca5
22431605
47ff1428
bdb0c996
d80b02f5
d1f41036
69050f8e
16c4e751
08a7e810
97ea2679
0c641a36
14d10320
4b64add2
d9150325
ec031986
e70c5da8
29f7ceae
03ffd6a7
ee72b63d
f377587d
1474217c
24cd207f
d8ec9ff0
df85fa76
e7f405f4
55d04771
0d88e905
f841edff
9647e7e4
17212083
20ee08be
5d36e47a
bf8af422
dba212d7
cad63498
5037df18
12f8db76
0992d028
bf895243
0ab41db8
105a1120
13ba90ca
e58600aa
f3730e91
1fd4689e
0f62dbfc
f608df39
baf7bc66
15ba3e0e
200b1601
47e712e0
b9a0ca33
d827041f
d3430ecd
67900d2d
15dfe6a6
08c7e7d7
972427cf
0dd517c3
13420371
49fab119
d6f104dc
ebf216ce
e7665d2f
29ddcfbc
0171d823
ed1fb776
f4d35652
183820b8
23271edd
d6109e3d
e114fa7d
e7ac03c5
551e47d0
0e62e8aa
f8eded06
941be761
18342202
21400725
5d28e644
c01af37b
d97d11a2
2b461646
bf0bbf94
ca4a1f73
eaf1fbcb
628c177b
1048c840
fa060992
9b251b28
1cff2d89
1003df63
470bc197
c4fefa21
00b83585
e558465d
3930d289
e2a6c8eb
fb8ece7a
e9d55737
37d51da4
05d01257
e39ea003
c87b0c17
08d60184
4aa74822
1920d12b
dba702d1
a6c0e27f
17da35ee
2f8ce6c5
49f1f53e
bacee4db
e1ae340e
d5971cad
5772e8e2
fd55c2af
0c73f060
bccd4966
2553294a
fcfbf60b
180f9bce
cb980273
11f01d09
15565c98
21c5cfc7
d260e3c5
d03ec49d
0b4149d1
3e8bfe6f
2d501537
bf27c045
cad52214
eb0efdb3
62b01908
1293cb62
f8e609e3
9d0e1ac5
1c2a2db4
0ef9dd99
452ebf54
c5a3fb1b
feed3479
e3fa4791
3983d2d1
e117c981
fcbfce30
e9d056c2
3a581dcc
08861316
e3279ee0
c8de0b23
0a0a0074
4b80487f
19eecf43
db2c0214
a503e2b2
18ba35bf
2f43e4c5
4a42f589
ba75e64f
ded23495
d7981dbb
587ce6da
fe57c249
0c5fefe8
b91a47e3
27712ade
fd2bf747
19e59cc8
cafd0220
14321bfb
12bf5b58
22e5ce5c
cf79e4ad
d11ac453
0d0b4a58
3d8b016a
2ddd1511
bebbc145
caac2067
ea2cfb9d
62c7174c
10bbc861
f8fb0731
9d9c1a2e
1bbc2be5
0eeddf64
46b4bf80
c551fb9b
fe2733b0
e428474c
3814d073
e271cac6
fe07cf5c
ea1b56c6
37ab1d2c
079a144c
e2069e74
c8440bcd
0a4e0205
4ac849d9
17cdd23d
dc9a02db
a669e49c
193535eb
2ef6e702
4a99f3b3
b9b0e5b4
df37352d
0cf80e3c
ccf4c794
ba2332f0
0efff4b3
4f5114aa
17c9b7dc
dfd822aa
b2c2140c
1e5f3af5
16edbd5f
3162d517
c452f25c
0acc52cd
ebcb2766
39dcdc8c
cd0cb675
0662ee34
e8b449ad
4fa22273
eddffa18
ea88b123
b6c80f15
2c82091b
36153ab4
2512ca60
bbbb0cb0
c15fec38
10cb3aaa
4429cc62
2d91fc51
c34fe114
db6051bd
ecd502f7
4ae5eed1
f5faa9e2
02b51499
c71e3b23
32123788
f1d6d534
1556b3ba
bec3fb88
2cd532ce
0b293f85
2bb9d44f
b2bfdf42
e77bda13
03f54396
59f4f718
0b470fb2
cbd6c592
bad9338f
0e13f65a
50fb1585
1642b86a
e224228f
b3b51557
1b0d3ac9
18adbe8a
3103d42f
c488f115
0a975369
ebc22600
384ddbae
ccfdb3fa
0723ee1d
eafb49e5
4fb723bb
eea3f92e
e925b111
b52f0ee0
2d6908f4
3811362d
2472cb15
bbed0c2c
c09eeaf1
11823af2
445ccce9
2be6fc9e
c2e2e195
d9ab50c2
ecd502be
4d1dee0c
f7efaab7
0415120c
c5a83936
325b3652
f01bd20b
13feb44b
be88fb1d
2e4c341f
0c4f3f8c
2ce7d37b
b312deaf
e859da4e
02bd425f
5a00f7dc
0c9e0da4
ce1ec69f
bada3298
0da3f452
50c614f5
1800b7c1
e11021f0
b32a1406
1d983b0d
16edbe3f
3094d605
c644f068
0ad95264
ebbe2759
3993db76
ccfcb83d
071aee90
e87747bb
4f0821db
ec78f7ea
ea59b288
b5bc0f20
2c1a06f5
381736a3
23c9caff
ba700daf
c043eb6e
126a3b32
440fcf90
2e16fd3d
c4a0e094
db175202
ec65facd
d6cfde02
af8a325e
3253f5ce
37740437
209eb7e2
c50331f3
d6a0166a
11163a38
255ba6d1
11b4e363
d26ded81
08456ca1
fe940ab7
299be7dc
c606a53f
03ce11f5
f765335f
55502c06
ddbedac7
e81eced3
af5c072b
48501a94
282d1984
2bacd478
9fa10ce6
df50fdf5
06be30cb
5757c4d9
081afbb1
d637eaff
cef75ceb
0e61f1b2
30d0ecfc
fe49a093
f2982f0a
e0e12f17
2d3b4130
f4f7b675
017bd000
c479f21e
385e4ca8
102d1f72
2476e16f
a0a9d19e
f8f2f9e6
036d2d72
6c3ffc43
ec2bfcee
d6f3dbcd
ae7c3337
2fb7f475
37850377
202ab7c4
c6363279
d2c815e9
125b3737
24c8a7e4
1428e3de
d4d8eeba
08da6a7a
fd11099d
2703e5fd
c57fa5b2
041b143d
f7d335ff
55432da5
dd25dd65
e83ecf86
b0f5091e
490219c6
28031acf
2bdbd2ef
9f990afe
df14fec0
06dd2dcf
57a9c4e2
0960f97d
d47ceaa3
ce075dfb
0e82f288
31b7ee1f
fbc09ea9
f27d3099
e1942f35
2ccb3f44
f343b29f
0332cf4c
c2e4f2a1
3ac44dc4
0e711c29
2399e2d4
a02bd32e
f823fb29
03582fc5
6a97fc38
ed0dfd38
d81edde2
af183285
2e2df351
35860399
2024b7a8
c5c0319d
d68f173a
110c3975
282ba88e
12cfe3e7
d365eed0
06c16a87
ffde0af9
2612e51f
c655a420
067e1122
f65833fd
565b2de7
de22de5b
e82dcff5
b04c0891
47351981
28c718d6
2b2bd3a4
a13c0c0e
dea4feb7
05992ef6
588bc384
08f6fab5
d723ec8c
cf8f5ecb
d7dbe2dc
db3afdfb
afce27cb
47f4fdb5
213ce7e6
24a8c7bd
affb32f8
f73925c1
03e629bb
348f9f02
f0b7e7db
ec79f79a
ff777125
19d9f3c3
0854e6e0
ce20a171
fb642e24
12291fd4
4b773451
dca3c15e
dc08ef4b
bc3afba8
52a52b08
2438f771
20dbeac6
93790439
f4be19a4
0459140f
624ec79a
e789ef25
e7c804a1
c665595d
2c78edcf
145ee183
07f8a505
dc6f3dfd
04c828c9
201e3ddb
fa75a22e
e5cee57c
dc20efe2
39295d2d
1c1bfb4c
122df1e8
9e10c621
fd751d25
0dc512d0
6ab605f6
d90fe200
dca4ff08
addd25fd
4812fe41
2101e8b6
265cc96b
b1f63301
f53a24f0
01892873
34839f74
ef42e9f0
ec74f8bf
008c715b
18daf56b
08e5e871
cfef9ffb
f98b2fad
123c208a
4c5832d7
d99dc4d2
da36efba
bcebfbcf
52c02aba
2303f714
1ff4eb9c
94bf0289
f6451a2c
02b81311
614ec83b
e730efa4
e8a8051e
c683592c
2e20ee42
12d6e1c3
0754a5d8
dccd3e33
03952941
1f263ca8
fab19faa
e60ce371
da43ed42
38ac5cb1
1bcefdbc
10b1f177
9e9ac80b
fce91a48
10a9137c
6a1104a9
d980e238
da35009c
ae0a25d5
4803fe66
213fe6c3
23d6c694
b15c329f
f64b25ec
036f2765
3515a14f
eecee947
ec7af802
001171d4
1867f53f
0a05e8d6
cf29a1bc
fa422f1d
11e62022
48fa3552
da49c2cc
d9f4ee9b
bc3ffc28
535b2b1a
2598f801
2073e915
9387058d
f4621a68
03f11593
5fe5c86a
e906f041
e751042a
c4d859d1
d6e3d10c
d413222b
be931398
4f140bae
15bcc733
1ed8e1ed
a9eb28d4
0e6738e7
f9cb0999
3a1ba8a5
d240e395
06940ec7
f7e565ef
30bfec04
e6d4e159
def3abda
ec043893
33241446
31532d1e
e0b4b5a8
c2810a00
d842f2a3
4e8733b7
2b1cd656
0bc6ff68
97ccf9f5
fbde3444
0a86f24f
5cc7d4c4
d7c9df89
f3e82515
c8284854
3f59f394
f7bcc9b3
0f9dbb15
d0543f02
281f30cc
08b52b1c
0437a116
c6eeefbd
f9b0f47d
2e435d9f
2f51e471
ee5bfd87
abf8c35b
f61e3536
27faf7a9
5a020cb6
d579cfb5
d39120a3
bf9d15d2
4f1e0cd1
1679c6ae
1f8ce278
aaad2be3
0f4139cf
f9380ac6
364ea985
d0ede3ba
06720ffe
f81f6790
31d1ecd9
e66ae07f
df24aa9f
ed1f3be7
332e13ba
3325306a
e199b4ba
c58609c5
d861f2ca
500034c3
2999d61a
0cbf01e5
974bfafb
fe7a366d
0903f2b9
5cbbd550
d995de5e
f30f261d
c64b4708
3de7f3ed
f821c97e
0db2baba
cfe83fdf
265b306f
09402901
06d6a159
c566f137
fa73f4c8
30045b60
2faee7a2
f06ef99f
aca9c597
f77c3364
2558f881
5a8d0ca6
d6a0cf75
d39221b9
bbdb14ff
4ee00b13
158bc457
2015e42d
a9bd2b3c
0e3f39b3
f8eb09c8
39a5a9cd
d19be3ab
05990f0c
f556664d
329fecab
e520e241
ddfeaa83
ec183d05
330c14b8
33fd2e6d
e296b50b
c2be0967
d822f52c
50ee34a0
2ab2d751
0b9afe98
992bfa75
fe9235d9
0ad4f39a
5d8ad4bc
d5cadff5
f29e253f
c86445ea
de58cb61
c2fc3d88
dac705f1
4716124e
18afa9bf
0adf0179
b50e2193
19414ec9
f93ee751
2fbebbfb
c4b2da66
179b2f66
f6634c9e
3c7df2b9
c8b9d14b
ec9bc2c2
e0c13729
523a14fa
18501d04
eb97bb2b
aa981889
fc32f47a
4143304d
38bac451
ea8e11c2
aceff90a
faaf46ce
1e64d453
4629def0
d582d019
f15f4809
d92e3063
3e65fd8d
e942ae20
0e25dd0d
cfc333b7
3b043d58
f7c90946
07e3af36
afabee96
1b03080b
23074baa
3fa7e266
cb0afb7d
c127d206
ebe939d6
4559e962
3c360a9c
dd13c9db
c47a3ec8
db19068f
46541004
169ea85e
0acd0017
b5a920df
1b4e4e2a
fb23e699
3117bafe
c487d75d
170130d6
f7eb4dcc
3d80f3a3
c7bfcd35
ea52c586
e2373880
541915fc
18781de2
eb48ba39
aac91602
fa7df3fb
403d302a
35e2c3fe
ecd71165
ae32f93f
fa3b479a
1df8d560
466be01a
d343d16a
f0e048c3
d9982eae
400cfcc1
e6d8ad83
0d64dc84
ce89359c
3dee3db1
f9180a2c
0a35af61
af0fecc7
183e0914
234e4c9d
40a2e2b9
cc21fc4e
c1ebd201
ee7f3980
4621e905
3d9a0adf
dde4ca53
c3523d9c
da140772
445c1160
17e1a8ea
09ff015d
b55b203b
17044ef9
fa76e5ee
306abcd7
c4a1d8f9
16cc2fa8
f64a4d50
3ae4f455
c86ad2aa
eb46c627
e31c38b4
539a14a8
18491c99
eaa0b9b3
ab5b1547
fa02f3fa
42203047
37e8c3be
eda21131
aceff8ab
fa1f477f
1d33d47a
46bce17a
d520d298
f17d4683
d8bb2eaa
e901d5c8
b2e24925
ff15007d
31b8095f
208e9d3f
f22f17ba
d0381bea
141e5b37
0561c8af
1789ccd5
c9f1cf01
1a424eca
04c62f30
36a9fb44
b772ba9e
efabe859
e6d0269e
67da1da0
024eff90
ee14d31e
98be15d8
1aef00ea
30921a0a
44a2c132
cc5518c2
ca1b0705
efc9479a
36dec03d
244be507
e09fd013
e8416247
f3e71a06
2e7f0310
e84d97a9
0203fcc3
de2a24a2
45824c38
f2b5e614
fd14c712
aa4ae4b5
2c5f21b6
1dec2c1b
466fe94d
afcaf2eb
d484ebbf
e5f3302e
604de2e2
1db6fbc7
eae9d4bd
b17d4af0
fdc2036b
318a0820
20b39e81
f07c17be
cfbd1ea8
159d58a1
0809c6ec
15facc19
cb13cfb3
1c2e4e5c
065e2e4f
3618fda0
b86bbb6d
ef46e8a5
e57e261d
675f1ddb
01dbff20
ef80cfbc
9a91162b
1c610118
30201b26
4148bfa8
caab1654
c68f04c1
f1784922
34dcc0ce
26b9e5b5
e388d124
e90360be
f35d1926
2f1c01bd
e71d97b8
fff1fcfe
dfbb2642
45e94b79
f3b7e63c
fef0c8ed
a925e66a
2ef923bf
21462c01
460be6e2
af32f12c
d62ceb9f
e74b312b
60c0e4b4
1deafdbd
eb66d7e2
b2c2498f
00120005
33c6088d
217a9f13
f0f81664
cf4b1d3a
14275ae5
0548c66b
1743ce89
c7cecf7f
1b304e01
04ba2e4c
36b1feb0
ba60b9c4
f024e912
e53327ad
65301f1e
01aaff89
f011d039
9b1e1785
1e2d01e8
301a19b8
42ebc082
cc1a1584
c91505a5
f31949b7
37c7c24f
2556e5cb
e2c4d331
e8c46180
f4101cee
f3fbef4a
a8994735
1dd9071c
1910f2c9
27a0a056
d531203b
f1672453
099b54f5
14dbb37b
f41fdb2a
d997d1be
15295ea8
1c0612ed
22430659
b6f4ac61
ec550e16
f71c13d8
68d627ec
f7b6e328
e71cedf7
9ab60cde
300f162c
24c5f995
43ccce99
b2030fbe
e4161cba
e8ae37fa
49ecbd7d
0386dd39
f214e0a1
dbd6684c
15540da7
13cdfc8a
ef9090d5
ec9c1603
fcfa1d6f
3f22512a
f7d2cbd4
e7e1e1dc
b389deb8
35b83931
29480aee
3a1dfa00
a2ace2f4
e2500f71
e9e51ba0
6ac3eae2
024ae64f
f1b1efeb
a9594775
1d63075d
1b07f2b4
27e1a1a0
d5d62038
f1242646
096c549f
179db435
f568d7cf
dbfcd0c4
16406066
1b20146a
224206b4
b66fae3b
eb740b2c
f8a115a1
675d29c7
f72ae2a2
e814ef8f
9ae50d12
31901437
2779faf5
4552cfbf
b3ad1101
e3471c45
ea693805
4974bca4
02c0ddd5
f1a6df3e
dd3169d8
16520da5
155dfdf2
ed5a8e53
ea911570
fe321c18
3e135261
f7afc871
e756e27a
b330de8f
35c639e3
264709db
3b16f86e
a0c0e501
e1750d61
e9e01a26
6c8cebcf
fee1e770
f4b9ef03
a7e34475
1eef0689
19adf4da
29d3a1fd
d6db2015
f0f024fc
074754ce
16c6b48c
f5ecd85e
db56ced2
16b16220
1cff128d
2182059d
b7e0ab92
e9830976
f879146c
669828c8
f7dee160
e731f028
98c50d33
323012ed
26d7faa1
4467cea4
b1231165
e2651c5b
eb163708
4792bd0a
0255de4f
f34bdfd4
dd636963
14780f3d
f2e9146e
ad1c38a8
2fcf143d
09b9d513
2992b470
c2c0205e
108a36c5
fe173faa
2574b38d
d1e6d8f5
f162dfb2
0c7d6332
3774028e
0187030c
c0f6ab68
dbd6244a
169f02b8
5b6d2c38
f69bca82
d6830ee1
ab16011c
392c2602
2711d782
3692e50b
ab6f0650
f3de3ba6
ea681aae
5131c34c
e473ccc9
0223fdfb
d5b4616b
30a10d9c
f606ea81
f87a9a8a
d7cc215e
21f61f96
2ab649d7
0278bb96
c802f341
ccfcdf26
315244e9
3a23ec97
21d003cb
a5a7d737
e0d82e50
fc65fef3
6782f648
f54fcf05
f2651350
aafa37c7
315c14a2
08abd3b4
2a7eb53d
c4931f1e
106c384b
fafa4076
24eab2fa
d3fcd874
f409df3f
0d9663dc
3706ffd7
010f0482
c1afac4c
dc74249f
17d80350
59f62b56
f83dc96c
d5950d9e
a8ee00b7
39af2540
281cd7ec
391be513
ab7b08ca
f38c3b10
eb571a09
4edac4fc
e509cf0e
0296fcc3
d4ba6026
31c70eb3
f6eae957
f89b9bc0
d585230e
23751ef2
2ae547c8
052cbccb
c901f33a
cd4fde42
33fd4703
38b3ebad
207804cb
a39fda0c
e2fc2ead
fb38fe6a
67caf5f4
f284d012
f1a913ac
ac88370d
326d1444
08a5d4c6
2b13b572
c3ad1ee0
122636ab
fbe43eae
26a6b165
d2ebd961
f3dce051
0c0c6296
395802e6
02910440
c014ad7c
db8f227f
18bf02f9
59b62cd7
f6bccc88
d4d40ee6
a8ff00e4
388625b7
276cd47d
373de420
aa320860
f4593b35
eb781c48
4f84c4f3
e6b7ce73
0276fbe0
d6875fd6
30ee0d88
e4d73463
c0b427d4
3638205c
036ab2fd
1f0dd1fc
c0fb1764
230e4c7a
fa661e44
26b3bdab
bb0dcf2b
09a3fd66
07ba5589
4d3500cb
e0e5f6ba
cf64b7ce
cc6d2ca6
3ba6fcee
413f22b6
fdfbc348
bba522e9
c798ff10
30922c8c
314cb6bd
1cc9f622
b258011c
f8a455f9
f7f2f870
437ace8f
d8e7bb86
08402236
db404c22
3f6c153a
e0d1d0ac
fdc7b6b7
caf61ecf
41a829b8
1a443151
0cc8bd33
aa9cf860
ea85eb1b
25af42a0
4e54dab8
fdab0b9e
b3d5de30
d9ad4342
16bce877
545bf9e1
f4b3bc58
e62533e8
c066287b
345b203e
02c2b22d
1e9ad200
c064160e
24ad4d98
f81a1dfd
2659bf1a
baf9cf0a
09d2fbf4
06bf54f7
4cc100fc
e300f743
d02ebaa3
cbb12d7e
3986fcf3
41f0223c
0096c1de
bc45254c
c789fdc7
2fbb2d2e
31beb9dc
1f06f767
b2e1ff86
fa3c564b
f842f778
44b1d2b5
d8f7bcd2
08b2209c
db784c47
3dd515e8
e111cf00
fd08b6b2
c8471dbc
42e128ec
19583344
0c47bfe2
a952fa1f
e986ea0d
26ce43a9
4d00da5e
fdbe0a69
b422dd0f
d877436c
1762e932
545bf7d0
f186be8d
e51e349a
c0be2830
34d81fba
0490b366
1eb8d194
bf9e1531
22484f74
f60b1ed8
267bc025
ba5fcfa4
0858fc28
05545354
4efa003e
e0f3f7b5
d09fbb73
ce122aae
3acdfae7
426a23f8
011dc205
bcf623af
c96dfca7
31242d22
2fb5b798
1dc9f8e5
b440ffab
f8f655e2
f5f8fa28
44d8cd93
d8e7bcf1
072d205e
dad04d34
3e4515b2
d3ef4aa8
e2621f73
280f2116
07c799b5
070eeb6d
cf760eb2
2a336113
fe2cf919
17bbd0d8
aea2c329
14ff1c7f
0da236c4
57ae0882
c6cfe202
d928d976
c7d52403
5674014a
28bf0b1e
0894cc1c
a33a2da2
eb340521
2308224a
407faa7a
fda504f3
ca12044c
f295620b
0e1ade4d
2d99d8d6
dd9db211
02ff3feb
efaa365c
3b961ebe
d4a6b2c7
f5b4d668
cd9c1220
560d3a0f
0d730f77
0c89d236
95b6f35c
04ed0108
1e3a2af8
5a9fd915
da8403d5
c849ef20
ce17466c
36dbdd7e
35d8f16e
fb19bc10
d2fe4c93
e1af1b17
291d2185
07ed9909
07bfebc0
cfce0c9a
296e60eb
fd1bfb05
16c0cff3
b0b9c484
16bb1bb9
0e963953
555b0817
c624e3a5
d9b2dac7
c6d72441
578602ac
28d30c86
0887cbdc
a3302b94
eb90020c
229022f8
4195ac15
fc5d033d
cb2c04a4
f35e6226
0d45dfbc
2bddd93f
da4eb16b
0488414e
f01235ee
3af71e47
d68cb36f
f4c5d8c3
cf2811af
555d3b0f
0dfe1164
0c3dd00e
9624f49e
06f60196
1cca2dd7
5cfbdafa
db750511
c929ed93
cd084592
361bddfa
3692f28a
fd08bc32
d16b4b83
dec91b61
294121d4
06bc98a9
072feac4
d06d0c25
2a0a631b
fee9f8f0
16a8cf8d
afa6c35a
15a01c93
0b583877
547708a7
c691e297
d95bd8d0
c6e72441
580201aa
26ff0a9d
0903cd09
a2772ca2
ea5e0366
23301fde
3e56a9cb
fbfb0577
c98304a5
f1d962a7
0eb8dfb5
2c19d898
dc79b1ac
0410401b
f15234b4
3b561df9
c110532a
03841d93
11ef1599
12468ff5
eb20ff21
ecea0f65
21e06822
0ec3dc20
fb2cdfc6
b8f2bcd2
167238c6
1e3e1b81
49c81248
bab0ce45
d90cfd16
d1131436
65b10e25
17baebdd
0849e3c4
964927b9
099d123c
14cb0856
4a15ac12
db9005b3
e5b7145e
e8b360ae
256cd01a
05e0d732
ebb0b456
f7025688
11792310
2a3c204f
d66ca08a
e4d5f50b
e38707c5
565d47ad
0d4fee3b
fb30e8a7
942aea39
16e41c11
1ec50d69
5f01e319
c31bf6bb
d9270d13
ca653779
4efedd9c
1465deb0
079dcb3e
befe5490
064d1c9e
14f115c7
12938fbe
e985fcdc
ec260c0f
21ac68b7
0e37de5a
fbbedf18
b8d6bb98
15f63917
1f401b84
4d1511eb
ba96cbe2
da6cfc59
d0401325
66aa0c36
158eecf9
0a56e5bb
97452864
09151546
14190982
4934af7f
ddd505b7
e68b161f
e7945f6f
2559d2b9
07e2d832
eafdb682
f4055401
12ab2278
295f207e
d72ea0e2
e558f7a2
e1990872
58b6481f
0c75ed47
fcd2e91b
91bbeb88
16631ca3
1e720d4b
5ca4e47b
c2d7f645
d7790cc0
ca6d3756
4e5adee3
17e3ddce
06cecb35
c34154c3
05f21d2f
13a21585
125f9342
e7d2fead
ed690dd1
24816894
0ed8de10
f9bedeaf
b7afbd3c
15a739ff
1ea51c21
4b97125b
bb8bcdd1
da61fd0c
cf43130e
67640e22
16e2edb4
0a75e348
944e279f
08e31640
15b009e7
4935ad4f
dbd703a3
e6a712b9
e8e35fed
26edd10f
0856d750
ea80b53f
f50c5591
11eb2414
29de2061
b9f94cd9
22ea26b3
fe45fbd1
1ad89817
ce7b0262
0d381966
15f55e27
203dcf9d
d8bde44d
cde7c289
0fc74935
393a0241
312a1639
bd58c01a
cdbd1c83
e64402c3
65e51603
1131cce7
fdde01c9
986d1ddb
1a3129b7
0f90e95d
494dbcd2
c5d0fd4a
fcef2fd8
e22e4caf
380dcfe7
e8e3cbdd
f941c851
eb205717
30fb1d0b
0d26152d
e0229e97
cb1e09bb
0324ffc2
4c0c47ef
15cbd2d6
e30e0008
a0c6e300
1af333f8
2dbbeaa9
4f5df308
b9dfe797
ded22ef7
d2df20dc
55cde48f
fd29c70f
0acbe9de
ba0d4c7c
258d28bd
004ffdcf
181199c8
cd3302ce
0da019ef
157f5f61
1ee5d0c0
d8eae5be
cc57c27b
0d0e488f
3a50048e
34491610
bd43c02e
ccc11d97
e7a80001
657b16fb
116bcdec
fda901cb
9b8e1c85
1c7428e0
0ce1e65c
4846ba1f
c603fcf0
fc6e3006
e53b4ad6
382cd01f
e613cb04
f9b4c849
eb9d5934
302d1de9
0f561671
e1109d6a
cd280be0
041f0193
4c0c4937
17ddd350
e221fddc
a2b4e5d5
1a2a328b
2c1feafc
4f77f42e
ba62e697
e1372f15
d25520ef
57cde62b
ff79c591
0b04eaf1
badc4da2
21d72647
00e4fd53
1cf4999a
ce340310
0e2b1afe
174e5f9f
1f14d14c
d79de691
cc1ac25b
0d714919
3966047e
33471606
be73c18c
cf4b1c85
e611ffab
63cf1785
0fb3cfe0
fdc10446
9b461d17
1bea2844
0e1ee7b0
4773bd5a
c791fcd8
fccb320d
e59c4c59
392ed013
e705cc79
fa15ca6a
eae45a9b
31831d7e
0c21172a
c2393d90
30e736c3
f522dae0
1797aea2
bfa9fca7
28fc3069
0e5546ec
2b6ed1a3
b558e0f4
e2ecd67f
04734496
5446fb13
10da1230
ca3dc309
bd653121
0748f4a2
5253172d
158ab8c4
e4301d01
adfa1534
1ea93a22
141fc203
349dd20c
c258f371
0a224e99
ec302ca1
3a0cd93b
cfc6bade
0622e76d
e8fc4c48
4abe1f0b
f206fedb
e6dbab06
b91f100a
275705b6
395f3c61
229fc86a
c2f70c12
bd6fe7f9
13cf3c05
3f80d01d
3225fb34
c3c6df8e
dc7f4e0e
e93f04a9
4e78ef23
f653ad1d
054e0d41
c32f3c6b
332c35e8
f1e2d9a0
174ab072
c034fc68
29e03119
0ac945fb
2b34d1d2
b65be053
e3c9d6ca
02ea45c7
550df7bc
10150f67
cabfc45c
bd3031b4
0809f454
54d916d1
14cfb8f7
e5c61ef2
b10b160c
1cf738f0
147ec3ca
3636d195
c337f1bd
09e94e07
eaf92d27
3b35d8d5
cee3ba18
058fe8eb
e89b4b64
4d822233
f2e5fdca
ea1cadb7
bb2a10bc
27cd0618
3b143c17
23a0cab8
c22d0bab
bb72e8f8
114f3d97
3f68d092
30a1fda1
c198e180
d9714e0f
e95f0876
4e2defe8
f64baeb6
060c0aff
c32d3dad
32a13710
f43ada28
172db043
c06efc3e
2c572f33
0d704615
2a44d34e
b60bdf0b
e2a7d6f1
055747b0
55f8f92c
10571090
c8e9c45d
bd3a31fe
0782f554
5416156d
174eba0e
e5cb1eec
af971498
1caa39f4
1536c376
3617d044
c32bf539
09334e36
e9132d36
3c3edaa1
d0c8b950
06d6e823
e7944cce
4cea2242
f139feaf
da822f7a
315d4051
f3e1b9fd
0417cbc1
c36af394
38cf4a1a
0f7423c9
27bcdf66
a14cd4d8
f737f35d
02e433db
692ffb79
f1c4fe76
d74eda13
b08a32ab
2a6af437
3ac5077f
1f03b77f
cad53072
cfb01481
133c3a45
2351a9b0
17e1e220
cf90ed5b
082e67a7
fc430e51
2a8be2eb
c6a6ab5b
08c80be9
f3fc39e0
54ca2c78
df38e153
e8e7c774
b02a0b58
45711648
2acd21b2
2afad3ba
a4bd0c23
d9e6f902
06a631b8
5419c4c4
0dccfdbd
d0f8e957
cf865d8b
08a0f483
3738f087
f8bf9e49
f4542b88
dc252eeb
2e5c3f1a
f089bad8
0411cbed
c266f359
3870499d
0de4243a
2788df8b
a219d4c3
f4fcf67a
00a133d0
689df9e2
f09dfea4
d719d7d9
b04a352d
2985f2ac
3ae006ee
1f17b69f
cb0c2fc1
cf4d1415
13363c3a
22fbaa3e
1655e385
cedfeec3
093167a4
fa9d0fe1
2cf4e407
c680a9fe
061a0dac
f21f35c5
55692b1e
e0a1e1d5
e8b5c918
b11e088b
45e11535
2c101fd6
2b91d1af
a4bf0dbe
da80f908
07d53369
5563c2b9
0d36fdec
d20fe764
cea35b32
0946f356
37fef02b
f9e7a1a8
f56e2c01
da662fe8
2f18403d
f22dbb80
04e6cac8
c396f28b
38434777
0dc52513
26aedfef
a103d317
f5b4f419
02c83681
670dfae6
f060fe02
d556d8bb
aec334a3
2b0bf28c
3c7e0684
211fb503
cb752f9e
cd461489
12cb3adc
2179a95b
183de16d
d089ee2b
08d2676e
fac80f0e
2d4fe48c
c8fca82e
06170c1a
f2e6378a
56212bb0
dfbbe0f0
fd7c278c
21a33fa8
fac4a52a
e9c4e447
d736ece2
3a965a90
198a0182
15c0f0bb
9e7dc87e
fbb314ad
0c57179e
68e902ea
dd67e8fe
da7df94b
ab852af3
451afae4
2496ecdd
2606c36f
b40c3260
efed210c
03a72d8f
32e3a0c5
f744ea39
e873f6e4
00a8710f
1539f664
0eece8f3
cd5b9e3b
fba22b4c
0c882255
4d2632ac
dc7cc7a2
dccee998
b77cfdde
51ab28dd
22ebfb79
2528e6b8
93cd04bb
f1391679
03dc1a6c
6041c749
ee5df15e
e56bfe8d
c7375b6c
2858ed4c
17ebe487
0546a193
e0303d4e
fec02963
1f433d6b
f8e7a556
ea63e18a
d586ec42
3a955ac3
1a840202
1441f0d4
9ccbc647
fc1b16f3
0c4a18de
6c67050e
dd41e771
db3df936
ad8928aa
4598fb8c
2487ec8f
2472c28c
b3d13278
f11e2255
051b2db0
33659f7a
f43eea2b
e733f530
026470c6
1737f6a3
0d03e971
ca8f9f77
fc2127f6
0b6621d9
4e5033cc
d94dc738
dad8eb9a
ba6cfed2
52b32922
25ebfe4c
24e7e3f0
94a60539
f1c81349
02b018eb
6431c84b
ed76f186
e4ccfea6
c6be5cf2
2848eeb8
18e4e418
046ea7e9
e1c33d8e
fcbf2976
20b33d15
f9c0a4b4
eaebe1c4
d6bfeda0
398e5c35
1aad035b
157bf08f
9cbdc87c
fccd1641
0bef185c
6ce104cc
d9f7e739
dccaf833
ad4529f6
442bfca0
25c3ed26
24a6c452
b2663336
f0e42327
047e2c6c
31599fed
f4a2eaf0
e8fff350
013370f8
1741f8f8
0f48e9cc
ceb2a449
fbb52b99
0bd22152
4ddf31e6
d9efc547
20682e5e
0c3c2db8
03609ff2
cbc2ec4e
f533f20c
30a15dfd
2a39e9fa
f557fe5b
a93ac2fa
f9ec309f
2319fbc9
5b0a0c5b
d359d21f
d6881d3c
ba061771
4e6907c9
17b8cd6b
2140de4f
aa8f2df5
0b93367a
fa6710ca
3945a753
d708e609
02720b90
f6996892
2d98ed83
ec89e1fe
dc24abcc
ef033c1f
2f5d15f6
38752ef3
dfbbb690
c8290562
d22af351
50da358e
2a6adcec
12abfe05
9685fa7b
fbf03163
07a4f83f
5d8fd37b
d976e218
f20e2179
c7d14d2d
3b68f0ce
fb43cda8
0e14b7e2
cf22424a
20bd2da2
0b662ede
0466a015
cc1aece5
f3abf35e
30a45f11
2ce4e903
f6b6fd30
aa0fc587
f8122e88
232cfccf
5e310e14
d81fd30f
d5b41aa2
b9001891
517d082d
16f3cb72
20f9dea8
ab672c05
0c1f358b
f8ba13a2
3933a717
d747e7ec
01780ba2
f8c96a39
2e18eea1
ec22e2dd
da6da8c2
efcf3c2f
2ee91599
37082fde
df80b6ab
c75c0467
d20cf372
50303435
2987ddc8
0fa4fc9f
97a6fd27
fe202f8a
0816f894
5f97d3d6
daece1cf
f2531f92
c62e4c16
3d9df1f3
fbeacd53
0e08b5d3
cfba4157
20992fb1
0c8a2c2c
0447a01e
cea1edf4
f52cf220
30e15dd5
2cccea54
f460fae1
a904c518
f8a6302b
217ffbad
600e0c4d
d4d1d375
d7361d2b
ba301819
4de40a76
152fcb4a
20e9ddc6
abc82c83
0af535dc
fac21059
392da750
d704e4f2
02c20970
f7df6ac6
2d96ed09
ebf2e44b
dc8da928
ee2e3a2c
2e7c1867
38f63031
e09eb605
3a603aaa
fba3101c
0ab6ac22
b2d3f072
13560514
251a4fdc
3db8e127
d314fcb6
be08cdf3
eff83c69
409be961
40a20cd3
dbb5cb20
c7543c5c
d4a708d0
483a0f1e
1734aea5
112dfb98
b5312399
16ff4bc9
fa1aeb85
315cb744
c685dabb
15082a7f
f5895283
3d40f1a0
cbf4d159
e8ecc0ea
e35839c6
4e8414cf
1d9621f2
ea76b816
ae111516
f378f193
4477312b
32d5c3e6
f16e1069
a8d9f94f
fce344d8
1811d9e1
4baadd88
d4aad4f0
f4d4429c
d2ec3317
3fa9fb45
e917b1a2
0c9ad6b7
cd133828
3af33ba1
fb390ff7
0878ac83
b225f1bf
12750345
24ba4e96
3d55e1f2
d1c0fcd6
bd91cf31
eed83d7f
4191eb59
43210d60
dc6cc92a
c8493976
d43f0860
480d0ec3
1537b106
103df97c
b1b123c0
175f4af7
f8d5ea9c
31cbb75a
c688d92c
145d2aed
f7ab50b5
3bbcf2eb
cd0bd360
e907c04c
e30538e9
4dd0131a
1bc31ee0
ea4db7ab
ad88153a
f4e2f3dd
423f320c
3580c6bd
f27e0f8a
a8f2f941
fc8546bf
1ae4d88a
4b06e020
d589d338
f4024205
d4d23254
3fd8fbac
e94fb06c
0d3ed869
cce8384f
3bcb3ab4
fbaf1129
0927ad22
b409ef43
13790457
24cb504d
3ea3e1cb
d2a5fd15
beccce06
efd13ac3
3fb0e838
41fa0c85
db45cab3
c8513991
d629090e
49c7105c
165faf87
10a2fd5c
b1562185
1a0a4a55
f976eb40
32ffb836
c60ed97b
14ab2964
f60c535c
3ce1f13b
cb60d413
eaa5c1c5
e3bd3a6d
4e46141d
1d591f43
ea16b8b8
47b34d5e
f376eece
02f8c398
a911e63b
2ba61bde
2182332c
4541e5a7
b2cbf3d3
d242e79c
e5e935a4
5b68e4a4
1e32fef0
e921d2e6
b4fa4795
f9c0ff35
361e0b03
1e9a9cea
f7601474
c9931d18
15e058bb
04e6cbc2
1b4bcd07
c704d052
1bee498d
02db339b
39e7fbd8
bafabf15
f0bce1d1
e4512a84
65261dce
05930523
f080cb23
9df1155b
16b3fd6e
34c92016
4036bfd8
cf52171f
c2100102
f4be49da
2f41c370
2be1e529
de51d0aa
e9365fca
ed661ca5
32e902e7
e6f99cee
04c3f82e
db172819
471c4a76
f4ececd8
01b2c405
a896e95c
2c751ebb
22752efb
463de645
b1def3ca
d202e675
e82334a1
5c36e2f5
2083025a
e8f4d302
b48e487b
f7e3ff5e
34d90c1a
1db19cec
f56b148b
cbc01bbf
1632583e
03d9cb0f
1c5bc8e9
c6c8d0d7
1bb7497f
03613238
3ad0fa06
bb55be45
f102e374
e5452a5d
63371b35
048604ed
ee8dca89
9bcc1662
15dffca7
343e1eab
423ec1df
ce5e1592
c4050213
f31e4983
30c6c2db
2cf2e4e0
df3dce65
ea185e02
eeaf1b16
325c04a1
e52c9cf3
0391f842
db4929f6
4528496e
f2c3ec15
0193c248
a785e7f1
29b31cf8
213d347d
45bfe5c6
b245f656
d510e821
e6c23451
5ac1e409
20bd02bb
e811d2cf
b5954985
f81a02b0
35320cb1
1e589d15
f4c014c5
cab41b0f
13ce5997
02eccb4b
1c64caa2
c661cf81
1ba34955
00583207
3989fc1f
ba07bf25
f17be02d
e4412996
64a71c2b
043d06cd
ee81cbec
40425349
f547cf45
ec99deab
b1fedfd2
35bc3648
24d01158
3f99f6b2
a1c0e5a5
e06a08ac
e9c12086
6b72e984
0675ea8e
f17dea80
aa304787
1b0c050d
1e95fa2f
27ffa110
d927210d
ee4f2266
0b035660
135db71a
fa65d639
d83fd14c
17e05d97
16bf16bb
283a0584
b58baef3
ec930567
f5a2188f
69bc2825
f8d1e8d2
ead3e947
99470e01
2def1153
275dff52
45bdc971
b69c13ec
dd961911
e9823cd9
45f6bc3e
06f6e004
f186dc0e
dcb06b60
108a0dd4
199cfdcc
ed169226
ee3e144b
f6ca1dee
3ff352ca
f681ccaf
ebf5dee3
af8cdaf6
3370373f
24981056
3e57f32d
a466e457
e08f0999
e7751f9b
6d12e884
0604ebf3
f0adec97
a8c648d9
1991064b
1f2ef7e3
27a29f21
d8e81f09
ecb821da
0ad953b5
13e0b635
fc43d7c9
d772ce43
178b5e29
18dd1561
28470512
b6ebadf2
ec5a053e
f5061832
6896280b
f743e867
e8b2e827
9ab20e26
3074112f
27ae0033
452acae8
b6771497
e03217c3
ec933a20
47e1bba1
071fe068
eea8d9ce
de176980
0d470d6a
1a9b0026
ee9d90cf
ef27117e
f66c1d53
3e725094
f62bce34
ec0fdd72
adccde5c
35ef3536
245c12a1
3ea2f4fd
a281e701
df7108b5
e8db1f3c
6be7e86d
04f2e9e3
f0b9eb45
a8d7483f
19f704cd
1ecef79f
26e69fdc
d9d32102
eb2d227c
0a465828
1523b622
fa3ed772
d6c7cf76
18325ff7
17ec186f
26cb060a
b5fdada6
eae103d9
f2dd18a0
68b3261f
f9a2e7fa
eabce9c9
2dfd4dcb
01b1bd6f
ce3eeecc
c7a6dc86
3259463c
35d1f054
25f304c5
a410d983
e3562807
f94d0470
6aa3f2b7
f3b4d321
f26e0aad
aae73bf6
315e0ecf
0b25d9ca
2b07b166
c6492026
0c7133e2
fe934317
2370b103
d8b4d973
ef24dd3a
0ddd63ef
33d103fd
0664050e
bf0ea9c8
de23221b
13eb03f9
5f072ca2
f5e2cc4d
da4a084b
a60f005c
398d233b
259ddd8d
3baae15e
ab6e095d
f15b34d2
e9f720fb
5072c1ef
e8b1d1fa
00f8f7c5
d71164bd
29d50d22
fae1ee7f
f5ed97c6
da252136
1d391d2e
30144c2a
01dbbd5f
cfa8f12b
c50cdbdc
3299453f
3719f0bc
24a502b1
a2b9db4f
e27f2aab
fa530396
6c74f21e
f282d498
f2360a76
a8783acb
2fa510f1
0cf1db92
2a7ab14e
c6b4208d
0c2e3221
feef4449
2289b1f1
d6c8da0c
eefddd4b
0d76646b
32ed05e8
056404e9
be55aa33
dea31f46
139505dc
5f862c3f
f6a1cdd1
d9d7093a
a51401cb
392e24d0
2780db47
3c65e093
aa8007f7
f107360c
eaa61f20
4f39c214
e994cf9b
ffc5f5fd
d63663b4
2d440b55
fd99ef89
f79997ca
d7bb2191
1a081d1c
2e6e4e84
024ebf3e
ce9df21d
c46adadd
31bd442e
3726eee2
26d70309
a0c2d9e7
e2452a82
f57b065b
6af4f1f6
f4d1d25b
f3e90cfb
aab5397e
2f4211ae
0b96d916
2a6cb021
c5f12272
0b483522
fe7143ce
215cb1f1
d9dfd90e
ef8bdbe7
0d3a639f
33d604bb
07d40690
bd84ab20
de342132
114807e7
5f012b18
f583cdc3
da450a7f
1da836b2
0b2cbd15
af46f7d3
e1ace781
296a4448
4ab2ddf1
0613099c
b046d9f1
dbe3406c
1127eacd
57a3fa4d
f39bbec7
e6ca2fa3
bb342b6f
35ca1e5f
02c6b6ae
21a4ccc1
bfa91749
23b64a46
f7362491
274fbaeb
bd15d0ea
051bf707
06e7562d
495500cf
e695f990
ce7db59f
cfa72c82
3421fc6a
45a4258a
feb0c1cf
bf6821ff
c204fddf
342e2c8a
302abdff
2417f29c
b20c0117
f9a851b5
f427ffa3
4663ce7f
da4fc0a5
069118df
d9ba50d4
3f171567
e29dd400
fcbeaf7c
ca2e2054
3d2626b9
1e063619
0ddcbbc8
ae06f7d6
e3fae670
263543c7
47e8df02
03a309f9
b1e2da37
dc2c3fc4
11b0ead3
58b5f932
f1dbc170
e7752d01
bb422a30
37681d87
0296ba3f
224fcac3
be741761
21b84891
f9372157
2530bc04
be14d06a
0576f4db
06d6585a
4aef0140
e6ebf9b8
cc59b615
cf4e2a32
34a7fd12
48b9255b
ff18c2a6
bf7d1f15
c2e7fc31
35162b74
2e4bbc5b
2366f5ee
b24e00de
f9a6510a
f463004a
4760cd16
d9d2bff9
09081a64
db3a4f68
3d90141a
e2bed2a3
fb94adff
caec2111
3aad26a1
1c5637d3
0b12bd87
af86f8ed
e4e4e636
285a440c
4a5fddf8
047809d4
b160da39
dc284046
1137ea22
58b5f8fa
f3d1be4a
e8c42e71
bc43296e
34831e4c
0480b81e
1fbcca64
bfd01683
21c24b45
f7ec23d4
28d9bad3
babbd099
03b7f70f
073557a6
4b7a0103
e5fcf9f3
cc94b66c
cf202b49
34a6fc45
460c26b1
ff45c304
bd7f21c3
100e1597
0db2cd4a
97ebf441
0154fdec
1fae320f
5c01da65
e1fb052b
c2e4ea6e
cfd0462e
324eddc2
3b73f3a1
f9e3bb46
d5374992
da501c76
2a95227d
05a39d0b
0c23e59c
cc360e68
28326162
fcd1fda2
1cb3cb11
b0cac4c6
137f15d6
0ac33ec0
53f70867
c8bbe503
d7bbd3be
c86627ba
5463fff2
2ddd10df
08acc7b8
a7362c18
e552021f
27302481
3bb2ac75
00fe04ac
c4e4036e
f4436284
09f8e365
2f6cd71c
dca1b218
051b3a95
ed68381a
3d131c0e
d736b727
f8a3cf05
cc181529
520a35d0
0edf171b
0d1acc4e
9b69f51e
013efc4e
1f85321f
5aa5d933
e2b50808
c56eec1d
cfff45dc
3123ded6
3a06f4f3
fbffb9d3
d5ea491c
dc2c1d01
2cf62278
054a9d51
0c92e8ca
cd970e27
2a1361c0
fc440188
1b68cca1
b1bcc5eb
14681695
09dd3e9c
5475074c
c975e57f
d6b4d358
c7ea26a1
51c1fe94
2b9e119f
07bac772
a7a72b5b
e55901d7
26672648
3cd8ac1a
01630426
c5b40202
f4a662ad
0cfce2c5
2ea7d9a5
dab6b410
04a83ce1
eb5e3923
3cc11dc3
d785b67f
f6afd1e3
c9c514ab
507f36b4
0de7162a
0d25cba0
98fbf58b
022ffd2e
1e3431a2
5b30d80e
e2370581
c635ea4a
d00e461e
327adf07
3c0bf4cd
fc2abe54
d65c4878
dab91b76
2ae32160
042c9f11
0bc1e695
cdb20f5b
28e55fd4
fcd70081
1cd2cb94
b105c5e1
16f01763
0a7a3e1b
5633040d
cac7e5ad
d75ed42e
c6e02707
54000073
2cbf117e
0646c63c
a7892b7d
0d4ef236
0171e310
9223ec4c
149c181f
1ea9133a
6046e04d
c50afae7
d7070597
cb2a3a75
499cdc9c
1c72e3e6
064bc96a
c2be528d
ff631be1
16af199c
1092912a
ede3fafe
e88f0d71
25226a8d
09b9dfd2
0193db89
b5a3bc94
162a3514
1bb91f3c
4f1b111c
bd3dcf43
dac9f3ff
ca1e1622
63340b17
1835f39c
0987dee4
960a2afc
047e1009
16960dfb
46faabd1
e1a004cb
e11a0f1d
ea2e6547
2401d117
110dd8c2
e732b54e
f7a951c8
0a472519
2c4f214e
d7a2a214
e6fbf038
dd9e0573
58da45c1
0dc1f483
01b7e50a
9217eaae
165d1609
1fa71364
5f64e1b9
c685f8b3
d636081e
ca653c44
4cf6dd03
1d21e491
0616c693
c43a5280
feca1b5e
17d61933
117a931d
f0f4fb5f
e9210d1d
26666812
0afce2bf
02f2dca7
b7d8bbdc
16a93517
197220b2
4f5611b8
bbe8d0aa
dba5f6b3
cd7c17c4
65970c37
16b5f2a5
09fade68
97ce29c5
051711b4
159711e8
49eaaba8
e02c0585
e0aa0e2f
eadb60ef
2330d13e
0d24d842
e603b345
f7fc518b
0b3225e6
2ec12173
d624a28d
e73ef1a8
ddda083b
566d457b
0d57f22c
0134e569
93a6e977
144816eb
1d5412ec
5f2de106
c60ff92c
d89005f2
c9513bd6
4ab0dbca
1b51e3c9
0529c8a9
c3f85224
ff661c53
182b189d
104d925e
ee41fba1
e9040c4b
25ba6748
09cfe256
015fdb34
b6b2bd97
16a53537
1a6d20ee
50931088
bb27cf81
d9d2f7d5
cb2116b2
65840b58
18e2f20d
08cadd60
99772935
13ced8af
e8affbc7
9de5e43f
1890310a
290fefaa
51b6f053
bc0eeaa7
deaa2920
cff72570
57f3e509
03eecbff
0a67e34a
bba04dbf
1db226ee
019b01d6
171d9797
d28b0364
081b172b
19d36188
1caad037
dcf8e3d4
c627bf1f
0f184742
346e07a5
373c164c
bcb9c101
d03618ba
e0fe0333
665414e8
1212d35a
016afcb7
99c51f78
1788255b
0e9cec17
4a84b96f
cb26fc2b
fb262c0c
e43a5119
344fceba
ebd6ce98
f794c26e
ebed5a3b
2d491b34
11aa192c
dd379bc1
d1720875
fe6fff4f
4ffa4a0e
150ad657
e8a0fc89
a026e647
1a863212
279deed7
543bed61
bb27e854
e0412843
d1822657
5630e578
0165caf5
0c2de506
b8494d8a
1ffb24df
00350041
19169735
d24b01a0
08bb17d7
17c061e1
1c4dd08a
dfeee5c1
ca02c06a
0fb5473f
34c70876
383e16dc
bd16c1f4
d0a51736
e0e10406
642214ac
0f5ad3ef
000dfdfd
98f01f0f
18d22635
1012ef7c
4950b96a
c978fe44
f8302ca6
e3544eb8
3537cf53
ebd1ce87
f512c4ab
ec5b59e3
2b4f1dce
13441800
e0f99ac9
d1160786
fc35002e
50da4900
1682d798
e8ddfc97
9f2ae412
1c6230a6
28e3f286
52e8ee31
b8f0ea42
dead288c
d1482594
5919e6f1
03fdcbc2
0b89e386
ba664e4b
1cef2563
02500196
170a959d
d2ff03fd
09dc17cd
17dc636c
1ddad0db
deaee552
c627befc
106946b2
32dd0651
3684151e
bd47c312
d1c218ce
e2aa0336
659a1386
12ecd5f2
fecafc7c
98041f5c
20f8cd0c
c7140b1d
b627e663
13813b27
3b97d3a0
37c2fbc7
c060e05b
dc434811
e59a0c8f
4f82ed78
f776b41b
096e058f
c0b941c1
2fa132a9
f5cae1d5
17b9aa44
c160fcb9
24652b98
0e294add
2951d148
bbdfe271
dea9d0bf
071647d9
5067f80c
16fc146d
c696c25d
beb92e2a
0163f5e5
57cb1727
123fbc5a
e9341a5b
a96a162e
1e223657
1437cac7
3ad8cd96
c214f1a4
062448a2
e8813245
3b33d72f
d3cebd6a
027ae31c
e8ec4ea6
45c12027
f78d0303
e8f0aa44
bc50101e
20b80671
3de74003
213acb42
c71209e7
b703e61a
13df3c9e
3990d4a2
37cafbfd
bfcbe108
db6e4908
e39e095b
519dee6f
f70cb18d
07a406fc
beb74228
2fee34b2
f36de197
17acab1b
c243ff3c
25b22d51
0f0d4bad
2857d0de
bc44e0e8
e079d342
05d3480c
503ef9dd
17751249
c835c2ca
bff32f00
01aaf667
5842167d
13d2bccc
eb661a39
aa8616e0
1bc83589
13ecca3f
39f1cbcb
c42af171
05ac4a7a
e7ea340f
3cabd6ff
d10dbcea
052ae4cf
e6685094
49031f26
f65503e1
e8c3a8e5
bafb0fd9
20ce066a
3e3a41f1
2012cc0a
c7fa0c90
b92fe75a
14d33b69
3cebd45b
38acf942
be95e1bf
dce549a0
e5bb0abc
5176ee29
f7b9b401
08cf04cc
c1343fa3
3018333c
f2aee0ee
186ea9c2
c1f3ff85
264b2b3a
0eb54af3
2872d162
bc96e196
deb0d329
06884803
5033fa3a
16d11168
c844c2fe
c0cb2ea7
0160f73e
5732164e
14ffbba5
e8a719da
aab316ca
2cbfcfb8
a97a0d02
d55cf6b4
09fa33d7
5194c66b
13fffce2
ce81e538
d0a65bc9
03c3f66b
3ab0ef7b
f99da02c
fa7b24df
d731312c
31a33e11
f0f7bf6d
0a08c522
c063f646
38184489
0c3e2b4b
2b64de3d
a6d4d7e1
f3fcefcd
0343370c
676ffae1
f678028f
d34dd57d
b194347a
24c4f3c4
3fd10a32
1d99b37a
cfbe2aec
c97d1283
13e83bd3
2084acda
1d10e0d8
ce51eff5
0b0e6453
f6fb13b1
2d8de214
c625a9bd
0830061b
ef213bad
54fe2a45
e23de703
eb5cc4c6
af8a0c7e
41ff121d
2ce42470
2a41cfe8
aa300db8
d5cbf684
0818346c
50d9c68b
14cafbea
d04be58c
d5125946
0239f6cb
3b97f063
f8b2a214
f9352807
d57f31a2
31713f10
f10cbf8d
0b07c4d7
c0dcf4e9
374b44a2
0d5b2912
29c0dcbd
a679d7b9
f495ef58
022e37c9
66ebf915
f7cd0502
d5e3d631
afb23496
2558f196
3fc80c8c
1cb7b4ce
cff12eda
c8fd12b2
15283ad8
2004adcc
1d63df73
ccdfeaf7
0abd659d
f60814ee
2e82e208
c7d2ac6e
087707fe
f0333d08
55772890
e1dfe60b
eafbc31a
b0700c14
4018132d
2d3726b4
292fd087
a8fd0dee
d647f575
085436f2
51dfc601
130cff08
cecce673
d27e5b13
0314f818
3bdbf089
f9f7a22f
f93c26e9
d5453072
306a3f60
f089beb5
09fac67e
c04df22d
3773451b
0d252b7b
2a6bdc4b
a439d706
f345efba
01f13672
66acf947
f762015b
d5c2d46d
b35732cc
24c2f170
3f870c96
1d0eb46a
cec02ce5
c89611b2
269cdff7
95440495
ee181134
03c9203b
6059c614
f4fdf489
e1a1f844
c9615be3
234eedcf
1f07e8eb
0450a104
e4df3948
f6c02a07
24613ed9
f80aa7d3
f127df29
d320ed04
39f957a8
17870792
1880efd7
9b75c93d
fe091132
0a731f2c
6cf300cd
df91eb01
dafff2c9
ab3a2c45
4061f8ed
28e6f40a
25bcc0b7
b7743477
eab71ff1
0853324d
2e7da025
fbb0e8d3
e2f3f2c4
02e770f6
11bafc20
15abea73
cbcca09f
01e42661
0769254a
509034c6
daa6c82e
e011e3d9
b661fef0
52c424d5
24e70460
24dbe2b1
967a080e
eeb80f76
03292010
6051c644
f460f41e
e0b8fcb1
c9825bd2
234dedaf
1b8be7a6
0407a145
e4ea3a46
f95b2a84
26353e5d
f621a5ad
f08bde5b
cff6ee91
3a9b578b
14ff0837
1900ed13
9b5ac99a
fb1911b6
0a631c08
6c2f01cf
e02fea23
dc1ef33a
ab192c04
4162f9ed
2842f1e3
2414c220
b88f320e
ea971f17
0630302d
2e5ca08d
fcdae895
e35ff361
024e7028
10a3fb2b
1365e976
ccce9fe6
ffd12600
06a6273f
51fb330a
dc45c9fa
dfa0e368
b68ffef0
4fd0274d
26ad022b
2627e183
95db073c
ec930eb6
02dc1ed7
6141c6dd
f434f604
e33ffb4d
c84d5ba5
224aec49
1dabe744
044e9ffe
e34e3ac0
f7d72a18
24a53ff3
f6a6a99e
f02fdea3
d377ec5a
39eb582e
16b307dc
187eed11
9d8dc8ae
fadc1012
096e1d70
6b05004f
dfe5eabc
dac0f42d
ac2c2ba9
4215f875
276ff27f
252cc1db
b6ea341c
ebea1e8d
1491f942
96e9fc1a
fc202baf
07e7fe1c
6086cee1
dc7ce499
f0021904
c59a4d29
392deff1
0093d3d7
0da5b1be
d3a940c0
1cf32dca
10b8337c
02a19f41
d178eec3
edb7f0e0
32c95ef2
2976ebf8
f95bfa91
a63cc3fa
fc723057
1ea10095
61bd0b91
d45cd6b9
d596170f
b5ef1ae6
4fc307a0
17fdd391
227ad7f6
acd42ef0
065a327b
fb051525
3767a80c
db64e47c
fcd5082c
f8fd6aed
2973ec69
f0c0e5af
d766a54e
f3933896
29181797
3c853318
dd22b95e
cb740387
cc2af5ef
52d13272
27f0e10d
171bf7ff
940afd76
fc112cdb
0805ff48
61bdd042
dcf7e443
f00c184a
c5ac5002
3999f1b0
009dd3a3
0e4cb168
d33f3f35
1c5d2c4e
10c431bf
01779f8b
d023eeb7
ef44f2ce
33c45cdc
2852ec71
fcc1f7de
a486c55a
fbfb2d6a
1e85ffff
61560b81
d444d5a1
d8aa165e
b7e11d3b
4e2e07be
19e9d153
22d7db03
a96a2fed
07f33091
fb6c180f
389ea52b
dab0e73b
fcd90674
f9626ca8
28c7ee64
f263e381
d7d4a5fe
f18339e7
27711737
3d45310c
de01b6e0
cbf101de
cc5cf69d
529631ea
257ae0f7
158bf765
94dbfd51
fafa2d1d
06c3003e
609cd013
db03e432
ee5c19df
c50a4f19
39daee47
001cd1c2
0cb9b0f8
d2cf40aa
1bed2bd9
122c31fc
04549de6
d154ed4b
ed6ef255
303c5fb1
2770ebfa
fc1ff9f9
a537c53d
fa802c77
1ece00aa
61ea0c6d
d522d6f5
d74016dd
b6c21b6c
4e4d0729
1922d119
225cd8cf
ab522cc1
081a3091
f7150c7e
a1d2f7f5
fc68435a
16bae0b0
4fdddd7d
d2bed5bf
f3193def
cd8d35c3
425dfa6a
eb54b707
0edcd08b
cde33803
36cd3778
fe2716b9
086ba907
b585ef83
0dd50000
26af5502
3a33e181
d8b5fb1c
b92ccad6
ef9d3c86
3a73ec85
48ef0e79
d8f3cab8
ca2c3782
d0120a8d
4a451069
1540b453
1455f73e
b21e22da
17044727
f9aef358
34eab61d
c8fadb08
130e23fc
f75055e5
3bcbf028
d227d63d
e91fbbd7
e3103970
4976138f
206824db
e763b5eb
b1b7141e
ef87f372
461c348b
33aec9ae
f85c0b56
a446f7b1
ff3342e8
18aadeb1
4fd5dc47
d487d518
f3e73ce0
d065399a
3f9cf8d8
eca8b4e2
0fbecf79
cef6391c
38123955
fd6c17e5
09c5a979
b7d9ee74
0ea9ff48
27ee534e
3ca1e1ee
d7b7fe58
ba05ca9b
f20a3b11
3b2ded58
47750d74
da4dcae5
c9af3482
cf120b7b
4a8e1063
174fb178
12acf589
b12f2320
14a5473d
f925f1fc
35d0b550
c9fedbd0
12b825fc
f65c56c1
3a8cee2d
d2b3d65c
e94fbd26
e4483a1e
4a9315c1
2297250e
e76ab631
b2671502
ee85f335
47743376
3203c949
f7950c31
a51df954
fb84424a
160dde17
5228dd66
d329d40a
f2593ec0
d224367d
3ff2f8d6
ee76b523
0e7fd037
cd023929
37e03a33
ff931485
09baaabb
b61ef0f5
0ecc01d7
26a653ae
3a7cdeec
d71afd63
bbb0cab5
f3293aaa
3beceb44
491a0de3
dba2ca58
c9b63523
cf260bea
4a24103d
1752b36d
1624f700
ae6f2206
16264757
d5ef1633
bf89ff0a
f321482a
2d31c610
3272e4ed
dba8cf05
ed0e59e9
e7e31edd
35960160
e5a39fb1
0617f323
d8362cd8
43fc4782
f3b1f472
0373bf5e
a9cfeb4c
28621a60
1ef139bc
4437e5ae
b826f549
d0efe2f5
e87037bb
564be57b
25f2023f
e5fecf82
b8e8460a
f2320273
399d0caf
1c2c9e31
fa1911d1
c5901b7c
1889571b
015cd0b3
223cc815
c521d2ff
1a1c4266
fe883868
3adbf7e5
bc9fc1ff
f0c8db2d
e3f92f88
61b81a25
073b0c71
eddfc990
9ed515ea
1080fbc3
35002343
4027bf92
d50f13e4
bea1fec8
f65c49b4
2d68c74d
3120e422
dc0fd137
ec5b5ad3
e8e621a7
36b40198
e54a9f7e
0547f50c
d6fc2b1f
4652478b
f5b8f2f5
0344bef1
a82be948
29411a2e
1f293adf
44d2e465
b74af4d3
d088e1ed
e8763792
55cee4ac
259f03a3
e53dce75
b7b1490a
f35e0214
39bc0d2a
1c6aa027
fbac0f2c
c3b01df6
17105718
0181d098
219ec653
c592d313
1e3541c0
feb73903
3b72fa3f
bc6bc264
ef97dcf8
e2eb2e72
63081bff
07f70a23
f068c68e
9dd8172e
10dffc75
37e422c3
3fccbf86
d81d1507
be6dff4f
f577488a
2d0ec769
329be427
dd58ce23
ebfc5966
ea2d1d92
36c50156
e61d9d88
04a3f366
d79c2bde
456d47f4
f3d4f2a1
047abf0a
a9bde87f
27b0185a
214b3a22
44c4e1ff
b658f44a
cfe8dfe2
e7b835d6
57f6e455
255e055c
e550ceeb
b9f44911
f07102c6
39220d66
1ed1a0ad
fa71120f
c6d61ddc
181f5676
bc5f1470
daee1361
ec764104
43b4bdb2
0cc1e10d
ec6dd8f1
df0c68d1
0a22109d
1f7f00be
e9fa919e
f39e0fe0
f30a1fed
41c35222
f664d2d9
ef89dad0
abeae056
330e3459
235618e6
422ef0a7
a2a5e6be
e0420422
e6ce2486
6b6de5b1
07a1edd9
f193e65f
aab8484d
140604b9
1fdbfadd
25c59e83
ddee1e66
e5b02038
0f9b5816
0faaba16
0008d581
d1c7ce5e
189c5b36
13c41c06
2d160461
b672b034
ed86ff7e
eff31c02
68f5249a
f9c4ed22
ec41e2a9
9881107d
2c5b0d11
2a8206bf
4755ca66
ba0b1410
d97f145c
ebbf3ce7
41d3bd91
0e3de1c6
ec77d8c0
df71693b
08aa0f13
209dffe1
ea2291c5
f3550eda
f06920e2
424751ca
f408d249
f165dab4
ad7bdfae
3286314e
24b71884
4089f246
a335e787
df4101af
ea862422
6936e5a3
09fcf186
ef2ee535
a9a34b9b
147e0478
22a3fd11
25f09dc9
de151e3e
e3e9207e
0dcd5705
118eba6d
0022d65a
d424d097
184e5a43
13b61c04
2e43046f
b443afae
ef6bfec1
eefa1a21
6a452614
f8b0edc5
ed07e2af
97720d27
2cf10dac
28b90707
461dc8d0
bc3f14a3
db8412e4
e9293e1e
42f7bc5f
0f14e369
efd4d872
df656901
0ab1110a
1fc901e2
eafa92bb
f27f0d95
f32e1df5
42cd51ea
f523d2ee
f058d915
ae9ce003
35583237
22651738
4042f195
a387e7a1
df780352
e6cb2529
6a7ee864
095ef01a
efe0e540
ab864922
145f02b3
2200fcae
25949d6c
dea41f03
e5cb1fd0
0c0257f3
a9ba09be
ef0a3144
ea4524f5
4df1c16a
edbbd506
fecbf0c5
d861657e
285e0dfd
01cef297
f6669606
dc991fe5
14b51bd7
321e4eab
fef9bec1
d35ef07f
c056db4f
34e843a7
33a6f668
2a2400d8
a0a1dc95
e27a2488
f2ec0880
6c00f0e3
f6ffd6e4
f3580813
ab3a3e7c
2c7b0ee0
0e73e071
2b1eaca8
c78a209c
04352ee5
ff9448a1
2144afc7
dd6bd8de
e98bd9af
0e2f6383
2e9e063e
0ee50845
bcc7a9ef
e0361e77
0b380758
60692cbf
f649d048
dda504d0
a2e702a0
39141fdb
23aae29a
3ddfdc83
aa850bb4
ef1831d7
e7612531
4e07c0ba
ee2cd34a
fd55f16f
d6c86593
28530a73
ffedf1aa
f4f19683
db5c1f39
15851c6f
32b64f24
0054becb
d396eca1
c176dc63
33a643d0
32fdf707
2cc100e1
a090da3c
e2a525b2
f44c08a7
6b29f0be
f6d7d8bb
f4450562
aa693be9
2ce00d80
0d26df78
2b11ab89
c85b207c
06cd3038
fe9148f9
216ab0f3
deced8f8
ea37d824
0f346617
2fb60726
0ca20711
bb86a96c
e2841c68
0c410786
63362bdd
f569d293
dd1a0539
a0950545
39401fc4
2490e2af
4114db32
aae60b1f
ee232f82
e7d52574
4d05bfc0
eeb2d4e5
fe1defe5
d70665c0
27ee0c0d
ff54f3f7
f5129451
ddaf1ff2
159f1ab5
32b54f2a
009abe25
d218ee24
c0efdd03
340f4284
3270f4de
2c510132
a2bddc53
e16324fe
f3a10915
6b78f343
f5afd9e0
f3b40720
a9213e14
2bc810f2
0e2ddefc
2aefabe6
c8902170
06732e7f
00d04719
adb40152
f8ac4a29
f13a0575
4c8ccb28
dbb0c159
06dd1266
daa65325
3ae113b6
e732dad7
fc99aab8
cdfe2127
365e237b
207a3cae
0adbbbd1
b4adf9a8
e0e2e4fe
2a604486
4733dffe
0b8207ad
ac12d888
db463c97
0ddaf0b6
5d8bf798
f1acc32e
ed9b2888
b7c92dff
36301c59
048dbef3
2419c555
bfa1187a
1f55451d
f8862c3e
27ffb829
c047d26d
0495f0a3
0987592e
4851fe56
eb6afd90
cae8b18b
d1f12a28
2dacfc62
4c342757
fbcec303
c6c32078
bc95fd1d
36402ad4
2d3fc0cb
270cf054
af08020f
f8f14c52
f1ac04e5
4c31cad7
dac9c236
078a12ae
d7d45448
3dc412df
e777d91a
fbcfad18
cd5821b2
34902499
1ed93a0b
098bbb54
b502f611
df42e3c5
2bc14517
47acdfd7
0be60a7b
ac3dd956
dd503f50
0cc6f161
5c21f63a
f070bf5f
eb0a28fa
b70b2dfe
37a91bf3
02b0c0b7
243ac776
bf0518c0
1f4d4531
f87f2b45
2787b812
bf7fd49b
0210f0aa
08185bff
470800ec
e972fc17
c9a4b1bb
d2022bc6
309efde8
4ba82679
fd76c2af
c5e91ed8
bbb4fdb5
35c72b62
2b26c2d5
26c1f27c
af2e00ad
f7bf4e17
f2930432
4b4bcbad
dcefc2d0
078d1266
d98a5515
3c3113d7
e59ad965
fcf3aa7b
cd1620b8
38592495
1f5e3e21
0acabaac
b6a3f956
df91e384
2968454e
4704de52
09b80ab1
addcd9c1
dd653ec5
0e74efda
5e20f707
f208c252
ea782a50
b7db2e9b
34f21ab8
0435bdcb
2450c7ca
bf731815
1f3e45ed
f5ee2889
c30900ba
f5485fcb
04f6e846
3525d6bf
d7f7b461
06763598
e8f23c99
3fea1c5f
d853bba7
f97cca15
ca1a1a03
4f1c33f7
0fad1f02
0ec9c854
9ae0f4ab
fe38fa4b
206035e6
5863d858
e64b07c1
c0ace727
d29a4598
2cfbddff
4023f5cb
f7dabcb7
d6f844c3
d5412091
2f2521c8
0625a29c
0f3fe1c3
c9b40e7a
29fc5b3f
fab50485
1fc2c9f1
b218c6d7
141710b6
09584441
54de0308
cf06e8d5
d6dbcf46
c6f427cb
4daaff8f
31611608
0611c5ac
ac102cb3
df27fe0b
2890278f
3a14ad2f
08430237
c154013b
f58d625a
0686e703
3429d8d6
da67b42d
06da36f0
e6653c8d
41931bc2
d86cbc31
faedcac5
cb731709
503434e2
10f31dae
0fe0c8c3
9b0bf710
fd96f841
201034a7
569fdacf
e4f8087e
c182e5ad
d1a74460
2ba9de95
4226f437
f94bbac7
d901448f
d5a71e2b
2ea62217
0498a09d
10ace44c
caa41049
29555d7c
fbb8083b
1fb3c719
b185c845
106c1113
079d430c
538a0451
ce86ea3b
d7cfcc40
c85b28db
4f9e004e
32111500
0765c6b5
aa772a5e
de6bffce
28a127a5
399aae01
08f00289
c17d0148
f68d6182
05dfe565
3496d777
da22b4a6
05bb381c
e9993e90
40a61bd9
d757bd0c
faa6cb11
cafe1713
4d2c347e
0fc41ab0
0f02c91d
9b1cf596
fd0df819
20ef3704
57c3d844
e81e07a3
c206e640
d19847e0
2d3ce038
40e0f5ea
f885bb0d
d834443c
d6911ebb
2f0e21b2
03dca235
0f60e2de
c9690f35
27fd5d45
f961066a
ddaa0db1
eac363a1
1d91d506
15b7da9f
e4f4b2a4
fbf04f99
06f227fd
301e21b8
d4fca75e
ec18ec0d
d8a8097f
572b4369
0bc7fa4e
057ce146
9165ecea
122f150a
1edf1913
5eeae051
cb4efd16
d4360010
ca853fc9
46a9db9c
20a5e69b
0332c4ae
c81851a2
f9521dcb
1c781c66
10e89154
f4d2f827
e2e60c2c
24f269d0
0883e758
0718db1d
b30fbf26
186c2f74
158724a7
514a0dbd
be47d2f9
d9f5f0fd
c95918db
631d0859
1bcef87c
099bd9a5
9a1a2a00
00b80d93
16ed1479
469fa9e6
e65403c2
dd0a0e25
ec286216
2033d418
1460d9a7
e60cb2cc
fbdb50c5
04642825
327d21b4
d6b0a5c5
eae9ea54
da6d0ad0
58b14431
0d03f9a9
050ce067
9201ecfc
11771356
1dea18d9
6073dfba
cae4fcd1
d39f0224
cb9f3dfd
468ae088
209ae87b
0455c491
c43c51b7
f7821d15
1cd01c94
0de49172
f32ef672
e4e50b5b
274c6982
0820e4f8
0722d99e
b4e9bd0c
18832fa1
173d2487
513a0f19
bc39d344
d97ef10a
ca6f1b07
63700847
1be7f6bd
0984db93
99962aa2
feb70d6c
17781439
465dabc2
e6c00684
dd590ec4
ecb36143
1e13d573
14a7d855
e24fb400
fb274d8d
057e2925
32002304
d674a5d4
ed17eaaf
d8300913
564e426e
0bbcfa34
0567e29d
9133ed1d
121213a5
1c0919b7
5e32df9d
cab6f95b
d2f402bd
ca094009
468ddc17
2008e7f7
050bc37b
c73a528f
fa521aff
1c081aca
0ea692aa
f374f8f1
e3fc0bdb
250c689b
07a3e680
f8e724a7
e5c554ef
349dce67
f06bd00b
f4ddc1f8
ee3058c6
271f1df9
169d1ab8
de6f9a8e
d3be037a
f624036a
50b949cd
117ddb4e
ed6ef8f1
9a90e473
19862d16
24d0f5fa
5716eda8
bb8aec0f
dee62367
ce1d2b52
58c2e244
050bcef6
0bcede89
ba614ff6
17c723d0
06bb0736
17139482
d5f90266
024414a8
1c576551
1834d333
e40ce5b1
c322bf9c
11894446
2f160aa9
3b861509
b993c3a6
d2581170
dc9b06bf
66eb11fd
108cd970
04c3f6fa
979520e4
152220f4
1015f451
4a7fb6aa
cbc1ff16
f5722528
e6a352c4
3258ce30
f32fd196
f5c2c0c6
eeb45a8b
24fa1d28
17561ad8
dc069bc0
d60e037a
f83101d7
510c4905
12ebdc39
ed04f7b4
9ac7e4fd
174d2c70
25faf7c7
56ccec35
bb42ebe4
e0ae22dc
cd142abf
55e1e2e1
053ecf63
0b91dea7
bc814ef7
1951244c
061f06ab
168793d9
d6930266
026613e9
1b5764fd
1b76d32f
e354e308
c36cbf3f
10ea45b9
2df70af5
3a941777
b9b5c5da
d2a71237
dbbb0546
6769132d
1197d807
0122f9eb
969e222d
16192354
0f55f4ff
490bb5d9
ce710198
f48b2560
e4425461
3464ccf8
f3a1d16d
f56ec11a
ed995918
27ca1cb7
167e1b59
ddd69e51
d6d60450
f765016d
51a34857
1196db97
eaa5f912
9a2be463
1a942b69
249df657
56ededb1
bad4ecdc
dd19211d
ce542a01
5573e2a2
06a9d061
0c7bdd07
b976519d
188220bb
05bb07c8
17b292f8
d6740084
012a14ed
1a98650f
1995d403
0640438c
e56e38cd
3c93d5b0
d747c059
0105dbf1
e7f25006
454a1e93
fb390919
e871a59f
be741095
1ba701eb
410041ba
1f19cb89
cc170934
b15ee394
165f3b60
3711d96c
3d28fa5b
baaae315
de734408
e0fc100b
5450eec8
f7f8b6a2
09cd0160
bd8e42a0
2ded32be
f6a2e551
183ba735
c14aff5f
20cd2614
10984fdb
269dcf65
c42fe344
db0dceb3
07d04907
4b53fc2d
1cf81439
c508bf60
c36629b0
fc7ef920
5b2619a7
134fbe02
ef5f143d
a65b1665
1e2e356a
10b3cd0f
3e71c98e
c1e2f50d
068f4657
e6773968
3c53d56c
d4aac025
03bfdec3
e8e9521b
44661e63
f8b0083e
e7d5a57e
bf3f0fbd
1aec03d6
410d43c8
1de4ccb8
cb620921
b335e549
144b393d
395cd828
3d48f891
bdbbe22b
df3242dc
e10e0e8d
54e8eaea
f9e4b59d
0991ffaa
bd9f419a
2d1f3108
f34ee425
179ca5a3
c3bcff44
208f287e
0f8c4f89
268ccf8f
c28ae34d
dc0ecd96
075e48d5
4a95f930
1bcd1474
c46cc12c
c1622bf2
fc18f8b0
5bd61965
12f3bf1b
f176143d
a5f61769
1e4232e6
112fd076
4001cbe6
c0cff500
04fa453c
e7b73670
3c3fd64b
d3e7c236
03acdcff
e7364fee
43d81d39
fa7c0ab9
e618a6a6
bdbf0eef
1b9404d4
40d24285
1f7acc94
cdb207d1
b0c4e2ce
15e93b96
38a1d92c
3d97fa29
bd02e3df
ddf543db
df870f30
54b7eea5
f70cb6a1
09410095
bccc41a5
2db93000
f5bce73f
1919a842
c3850041
213c27ff
0e9f50e9
27bcd06d
0ad75f86
f7101810
3343e055
cb02af69
0641005c
ecd23f03
5388285e
e3e0ebe4
eae0be95
b2f60df4
3a5c11b6
2fa92c5b
2786cc2c
ab170d9a
d15ef206
0b9e372f
4cffc705
1a8ffc3a
cbdce51f
d4b75880
fad5f91b
4183eec1
f751a362
fc5a2030
d0a030a4
31433c9b
f071c331
0e2cc102
c060f554
35ed3fdb
0d39300c
28ceda80
a78cd975
f13feaad
02243ae1
62a6f8ac
fbff0439
d2b5d045
b2d83482
1e9cf17c
43e10ea9
1cb8b4c6
d50c2c15
c26c14d4
18143931
1eceb1de
2419dc5e
c7daedf2
0aca6041
f66919f9
32e0e0bd
c98cac73
0738fee9
ed6f3fa7
54c72761
e3dcec85
ec07be05
b2fb09e3
3bb71143
30b1298e
28adcd28
ac0d0d5d
d0d1f20b
0c5636f5
4b71c64f
1b63fc0f
cc29e2bb
d44659ba
fbeff911
417df0c5
f6c5a222
fc02225f
d35d333f
32d23e3b
f1b8c564
0e09c199
c02ff537
372b403c
0c532e31
28bbda04
a8b5d826
f0c9e99a
01b23c4c
619df9e0
fa7205d8
d1b4cfe7
b2703593
1e95f3d0
42161124
1c10b48a
d3ca28bc
c38f1404
17353e19
1e56b113
233ddcee
c9e5ecfe
0abe5d90
f509177f
328ee0b9
c785acc2
068b0034
ed9f3def
54362702
e3b7ec6e
e98bc006
afb80d9d
39840fa0
30332a4d
2a55cc20
ae070dc8
d08bf1e9
09a53934
4eeac86e
1a19fca9
ccd2e399
d4e85ad0
fed1fab1
40feefc5
f846a4cc
fb472229
d16e3493
339e3dd8
f0a1c494
0ccbc146
bd67f55b
34844034
0bb63131
2c59d969
04286e40
0b93fc9b
1a2de8f1
cb1ba1fc
00e1200d
014c2952
5242308c
dc5aceac
e1cadd39
b27f0130
50282166
26d308ed
2790dcab
975b0a0f
eca40b5c
0395263a
5e4ac55c
f795f603
de9df3da
c8915e4e
1b36ed8f
2372e80b
0113a037
e969378a
efe328bf
282e4076
f69faaa1
f655d9d1
cd3eee5c
3cec5594
130f0ca8
1d85ea7a
9e6dca9a
fbe40ad7
062723c1
6d63003e
e252ef1e
da7bed3d
ab052fa4
3d1ff8d1
2d3ff7e4
24e0bc53
b9e032aa
e4f41d75
0b373380
2cc2a261
ff9ee85a
ddbbf250
03a970b9
0de1fd99
1805e9f8
c851a235
009c21de
02c928a4
52e63296
db45cdc0
e3e5de06
b4a5010d
4e5a22ca
22a109a4
2703dc9e
9698089c
ea970a58
047222e6
61acc512
f83ff61d
ddeaf46a
c84f5cf0
1ea7ef9b
2284e908
00da9fcb
e7853a1d
f0de2aae
28bc4016
f682aaac
f672dab9
ce19edcc
3a3554e9
13b70d4d
1d94eb89
9c1accaf
fd0e0aec
088c2387
6dd30062
e1a9ef4b
d93eed1a
ab052f2a
3cd6f641
2d64f730
25eabb97
ba5832a2
e4c31c7a
09e4346c
2dd1a204
02c9e5e7
ddf8f176
01dd6f28
0c45fd64
1a07e761
ca739fcf
001421f1
00912974
529e3046
db54cee4
e111df64
b3b00180
5020212b
25360a51
273cddeb
997d0807
ea5d0ad6
02ac2255
5e75c4db
f82af642
df23f325
ca815d53
1d01ecda
228cea22
00eb9e55
e91939cf
f30929d6
263d3f67
f6e5aa3d
f5aada6b
cda6edf8
3b71560f
12c10db9
1ec1e96c
f90a6ebd
24c8eefd
f7d7e634
d6efa46e
f0d537b2
21961b3d
4130316c
dc5cba01
d097fb82
c8a4f87d
54cf3153
25f4e5de
1b05f50f
9572fe69
fa5b2967
04e704f9
6273ce5f
dd60e7e7
ecac11d8
c47b50f7
35d0ef0d
051bd883
0ac8ad6c
d73c401b
18062b73
12f833e4
00589f56
d4afe9ca
eb09ef5d
33595f10
2685efb6
0205f9d8
a25bc31b
fc312a74
1a0e051f
664409d1
d70ad8c9
d7f41075
b4231fbe
4d5404dc
1a3cd82f
264bd51c
ab9b307a
03d1310c
fc721c8c
373aa2fe
e0b8e91c
fa750284
fa936ea9
245af065
f878e762
d4dfa4c5
f3d937e9
2196181e
41c23482
dcc3ba1d
d1aafcf6
c956f708
51e6320b
259de67e
1811f3f8
9498fe42
fa6d260a
083c03ca
6193cc57
e004e68a
ed581496
c41250f4
375ff0fd
0603d5d6
0c10ae6a
d4f24118
151329a3
1496375e
01e39df0
d5b6ec34
ea49f03e
32ed6048
241ff0cc
0176f93b
a278c304
fa8329f3
1a8c0660
66a808f0
d630d897
d8e41167
b3cd1f88
4db305f9
1a48d7d5
235bd241
ab2430c0
02bb2d77
fa551b9e
374ca387
e02ee851
f96a00d6
f87d6d7b
2697eeec
f87de750
d4e3a369
f30a36cd
21801bd0
3f01332a
dd8aba46
cef4fdf9
c8a1f771
53b22f36
23b7e732
1977f35a
9351fd03
fc2226aa
0830040b
61d4cd54
de4ce546
ee3f14a1
c3cd524c
362fee8e
05fbd706
0a49aee1
d5bb3f87
14cd28b3
153b3324
00e49df5
d628eb88
eaf3efd4
35785fc4
252feeb5
02baf860
f70a59bf
3884ee34
d675d94d
e4c4b678
e6093b65
43ab13b1
283226d3
e61cb74c
b9281158
e71ef2fd
49de33a5
30d3cd35
fefc0b30
a144f76f
fdc53e0c
11f4e343
544adb12
d36cd8a5
f66137e2
cf323bd8
4077f88a
ee81bc10
0f3fca02
ce263dc6
31af35d3
00401af2
0904a7c1
bc02eec9
0a2cfcde
27105457
358ee33a
dcbbfdb0
b54ec99e
f20939ee
366decbe
4cc80d69
d942cad8
cc5c30fb
cb9b0caf
4d2d0deb
15aeb7f5
1878f1e4
af0825b4
12c842e9
f8d5fa09
3692affc
ca3de079
0ec71e59
f3185b87
3678ef09
d5b9d97f
e5b1b633
e7953a63
4316136c
26e926fd
e518b581
b681103d
e564f295
4a3834c3
3155cb47
fe7106f6
a1cbfa0d
fe113ea6
1326e357
5407da4e
d447d7d7
f41236d8
ccf73c0b
4053f92a
effebaea
0e91cb4e
cd913b32
33163760
fde11a52
06dea5a7
bbb0f12a
0936fcd0
29f356f5
38a0e184
df9afd03
b478c82c
f2e43c67
3536eebf
4c390d0f
d739ca90
cf992fa3
cbcb0d68
4b7910ac
1732b880
1747f299
ac7924ea
14b343be
f796f990
3887b0cd
cc99dde5
10cb1ed8
f5315b55
38baedf5
d6deda4c
e707b612
e5a03c8d
43e813e8
25c828b7
e604b663
b78610af
e672f1d7
4a323361
3277cd07
fd990bf7
9ea3fa5c
fd0040e4
1320e5a0
5294dc45
d437d705
f42636ed
cde639f6
41e7f846
edfebabc
0ff8ca57
ce07387b
3582363a
00a51b26
0919a676
ba37f174
08dafc6f
2b3d5500
3705e270
ded4ffb6
fd313fdf
3df2f6a8
be4bc5bc
efcad659
e2ab3206
5da31963
0b661166
ef16c2be
a0e9195c
0c60f98d
3a392735
3e48c0a2
dc8313b3
b924fcef
f6d847df
2b65cbcc
38dfe578
d9e3d134
f00157fc
e41d21b1
37a60121
e6c7a1a4
0757eeb5
d57b2b78
420d44a9
f5daf932
056fba71
a8bae999
2594165b
21834015
445ee4d2
bcdaf8d5
cb6bdd30
e7d238ce
53dde541
2dec0683
e295ce16
bb254590
ec1402f0
3ccd1111
19c3a1a8
ff960c26
c2061ce4
185254fb
ffcbd3bd
25f7c419
c469d33a
19393e65
fca43e3a
3d0ff7cb
bfdbc4c4
efa4d7be
df9f31e4
5e011800
0b1a11d3
eaffc42a
a0fb17e3
0a99f9bc
38d02869
3d73bfeb
dc7e13d2
ba92fd16
f7724c42
2851cb75
37bbe3c0
dbadceec
ee5e545d
e39423b4
3aab0016
e6dea20f
0889ec3f
d3502c68
44d145d7
f3eef8c3
0498bab8
a713eb25
25741483
21773dd7
4434e42e
bd55f7a8
ca98dd4d
e8d538ef
5342e508
2ca506d3
e416cd95
baf0455c
ec66017a
3c8e0fd8
1a02a2b6
ffb70ef6
c0d81dac
19625672
fe01d5b2
272ac547
c556d1d6
199f403c
fc293eea
3d65f8f8
bf24c63f
efc1d735
e4b631b1
5ea11984
0bb811ec
eddac25b
a1be178d
0af9fa86
38fa2923
3cd6c056
db2a1449
bab7fe10
f71447db
2940ca87
373de4d5
dbe0cefa
edad56da
e3842400
39f900c4
e656a125
0871ee94
d39e2d2d
42e9452a
f5cff9a3
06aeb9d9
aa47e9a8
234a16cb
20cb3fa2
4516e45f
bbadf951
0ea220a6
300e0297
b60fb55b
eef0fbe8
ed701e0e
69882399
fb26f207
ec3fdd93
97da1221
283b0b0f
2ccb0c26
43c2c63c
becd169b
d5520f09
ebaa4391
3c70bc7d
14c0e3a5
e8afd3aa
e3a16785
03a410b1
24240026
e8949199
f53f0a13
ed1d2047
41ff51ce
f712d85d
f49bd405
acaae0e3
31982f78
23471cc9
42edef2c
a647e9eb
de35fb2b
e3eb2803
68ace616
0ed3f4d5
ee1ce152
ad614b80
0d51039a
25850088
23e29d4d
e2081f0d
e11a1e98
0e8659ea
0e35bd10
070ed4cf
d09ccdfe
18d7579f
0e2c1fb0
30ca01b3
b54eb183
ede5f9b6
ed141e0d
6a3c238e
fb3bf072
eb7be00d
97001071
26e20b4b
296d0d42
4525c77e
bf161600
d5ef0f0d
eddd4179
3ea5bcd4
15d8e50b
e940d525
e16365e1
046f1153
24b501a8
ea73926f
f5750c96
ec3b20fa
45e55314
f500d5ae
f4dcd572
ac56df55
327930c0
224b1b06
4348ee7b
a6e4eab3
dcb9fe3f
e6d52888
68e6e5e0
0d8af4f1
ef82e0ff
ad6d4996
0e63015b
269ffef2
24b09f3e
e3552083
de641f83
0e575a79
0df7bba8
08acd2b0
ce42ce8a
1aae5834
0ee92103
30e901b0
b534b0bb
eebefadb
eded1e7f
6cb8237b
fa4df222
edb6dd49
984512ae
2922086d
2b040b81
44e7c738
bef51512
d6540e65
ed0841aa
3e5dbcf3
14f1e406
e910d78a
e0786650
03e3118b
23ca008e
e93691d3
f6ee0b6e
eb861fdb
43b8536c
f66fd8a2
f576d4ec
aae2e17c
33302e34
22001b5c
4341f0d4
a654ecc1
2a290726
14520626
bc8ea912
e4a518fd
05b60b2c
64842b7a
f651d52f
deecfc1c
9ea10403
37fd1e35
2684e90e
4176d89e
ab630c7f
eb7b2c4d
ea832b8a
4e31bf94
f430d77c
fa94eb7f
d7b76716
24e40c63
0528f5df
f3419438
dfbb1f50
0f341b75
37885039
fb8dc0c9
d9c8e9df
bd1bdaff
366e4042
2fadf99b
3221fdc4
a1aedcea
e4731ebc
f1200edc
6f37ef1a
f691dbb2
f4160068
a8804184
28b30c6f
10dde832
29e7a999
cc5a21fd
01ca2c91
031c4cc7
1da8b193
e1b3d916
e5f2d6f1
11f26231
295908ed
12ce0604
bbaba96e
e3d8192e
043b0a50
64e82bb4
f6f7d452
e017fe06
9e6c0578
373f1bce
2686e7d1
40b4d7bb
aeda0c5e
ec592bf2
e85629f2
4ddfbfc0
f252d5bf
fc22e9c8
d7c866ec
24110bd1
06d0f6bc
f3569262
e0201e26
0e541b94
341c50af
ff1abfe8
da9feb0e
bb93dc37
33e8435e
2e6cfba0
3119fde6
a1e0dd9f
e38b207c
f0600edf
6d0af0c3
f801da79
f595011c
a72b40a6
2a440ef3
10b6e55e
2bbfa96a
cac02021
013f2993
023e4c5e
1fc2aecf
e25cd918
e5f4d571
10216369
2a9f09ab
14130585
ba4ca7f9
e3451889
06b40921
65232916
f76bd493
e137fdf0
9fe405f2
39de1d6f
25b1e8a3
40f5d790
ad8f0da5
ecdc2a01
e9592a1a
4dbbbe83
f180d6ee
fa90e9f9
d9106792
213f0d6f
06a1f4f2
f48f94c4
de201d34
0e741a87
3684510c
fdc5bf9e
d898eb09
bcb8da45
35684237
2d8ffa87
324cfca4
a109dd52
4311fef0
f215fe55
c9b9b1eb
d4a32afa
277efdd5
4e632a1e
fbcdc315
c9d41905
b809fc76
363b2979
29b9c7ae
2d10ee82
ad85043e
f8dd48e0
ed380a52
4c5fcaab
de57c5ee
06d20e40
d5785893
38c71231
e9d5dfe7
fa5fa6f6
ce7122c2
329c226e
221f402d
0838b9b6
b913f66d
d8d3e185
2c034837
436ee2ae
12110728
aa4fd7a3
df3f3a8d
0801f433
5fa9f490
f1c8c5a1
ed2e22d9
b3c4312e
37f219b1
046cc361
2662c1c2
be521a8a
1b1a4285
f7c831b9
2758b5d9
c4e4d608
ffa0ebb1
097e5dcc
428c0114
f189fe6b
c928b0d7
d61329cb
2941fe62
50b529d6
f920c57d
c98d19c9
b773fdac
37f32a3a
2b3cc7f7
2e00eced
ab9002ce
f97347fc
ee5f0b9b
4bafca3f
df70c52a
07db0de9
d717571e
398b1094
e9d3dfae
fb99a4cf
d0912289
309e2266
231941a9
08e4bd06
b8fef85b
d965e1ff
2be646f9
4113e27b
11880872
a9c7d93c
de363b31
0a9bf52d
6199f6b7
f16fc565
ee4a2407
b52a2fd7
33ba1924
044fc376
2566c00d
bf2a19dd
1bb542a0
f9412f85
2526b6e7
c4ecd5b7
ff3beb09
09ec5c1f
43f9006d
efaafeb2
c97bb036
d75d2935
2893005e
4e9a29fc
fd6ac632
c7ee1ada
b641fedb
390028dd
2c61c8b4
2d67ec7b
ac4a03b7
f737482e
ee520aec
4bc9ca16
de6cc5e0
06de0ce5
d63e5682
3a70109a
eb46dc43
fc72a6c5
cfc321a3
322c2153
20db3eab
0ab6bd10
bac6f893
db38e108
2c624657
421be3e2
12cf0999
a8cad985
53360359
d34bef21
d478c766
c8972b2c
49c7ff5d
35511a42
05a0c4b3
b06b2a53
d83300ae
2b1c2873
36f8b204
0f6cff96
bb0201be
f7e85c82
ff03ecab
3a39d649
da32b759
080e307c
e32d40d6
40481b67
d8ddbfab
fb47c3b8
cbb31a4d
4b56319f
143d2349
0fb7c6a3
9e21f8b9
f950f4a2
2181399b
54dad90e
ee340823
bdb2e28e
d4244785
2815e10f
4594f823
f5a5ba63
dd784251
cfd32175
31b422c6
05aba54c
13f6e065
c6751138
28a35872
f80c0d40
219bc57a
b396c6d8
12160a80
089e4959
544e04f0
d202ec11
d373c70c
c9462919
4940fc91
371b1a2a
04f4c303
ae3d2a89
d7fcff24
2b552b48
37c4b0d4
0d2afe5f
bce4002d
f56f5e36
0121eb8e
39acd440
d83eb759
05d13102
e58042ae
406b1a25
d808c18e
fc39c5ee
c92a18f1
4cc92f29
129c21c4
0f82c6e1
9e4bf6d3
f79ff457
20f33ade
5633d6db
ed26095b
be85e463
d3df481c
2384e1bb
47f0f772
f6f0bc1f
dbda419a
cfb5231d
2f722058
049ea5c8
1433de4e
c5fc0fd7
28a85a58
f9f90db0
2137c679
b1cfc822
10aa0b12
06a6469c
54170314
d1a0ee3c
d479c73c
c9c829d0
4b07fd17
352318f8
0588c592
af1c27a8
d7e3fde3
2c2727f0
3963b1b7
0c920079
bc5500f7
f6755da3
ff5eed60
3b11d3dc
d835b5c6
06343015
e4ce4256
3fd71be8
d8b9c055
fad9c5bf
cadf19ab
4cc23184
145922dd
0fe9c5e3
9d56f6bf
f79ff3fa
20ef3a94
5587d7a4
ef6a085a
be5ee14f
52e40c2a
bdd1d8b8
da38e7d1
c8441cf4
61650610
1dbbfd52
0a22d99e
9b852b1c
fbb20a49
1b991820
4641a92a
ebd9057d
d6a9096f
ebf264d4
1a83d5bb
1be0dbc5
e296b14f
fd514b7d
005e2cf1
34ee21e6
d56ea979
eef6e753
d5f40edd
59814196
0d410050
063edbc9
92caefab
0f3e0e5a
1dd41ebe
5fe3dda0
d051feeb
d120fb59
cce94195
40bfdbe4
25edea9a
02d2c333
cae74ebd
f2c31c24
20191d3f
0d5b9289
f863f4fd
dcf10d2b
24786796
0592ec14
0be8d7b0
b191be6b
183d2bfc
12ec2bb9
54910daf
c063d9b4
dc3ce7ab
ca3d1e8e
61f30676
1eaefe4e
0a61d414
9a872ad4
f9a909d5
1bd2184c
44abab66
ebbf0582
d4b50ab3
ed2a6500
1ae4d7c4
1bd0daac
e2ffb315
fed04ca6
00222bfc
341220bf
d5e1a8ef
eea1e601
d9800ad7
56bd4372
0ac3013e
06d7da02
9320ed11
0e7e0d32
1d7c1f79
5cf2da7c
cd5cffb0
d0f5fa56
ca8241de
430fdcc8
2546ea46
0120c1ef
ca394ffa
f22a1a6d
1edc1ecf
0d619189
fa8bf48b
de260ad1
276564e4
057eeb0e
0bb5d9b2
b349bdd0
16fe2ba7
1472299c
51a10d0a
bde9d7aa
d91ce983
c7df1ded
60fd070b
1efefbb5
0bd5d71c
9c272a9a
f9bf0a25
1b3f1889
4457a8cb
ec520687
d7e3099b
eeb66342
1732d65e
19ebd9bf
dfc1afc1
fc8f4a30
ffa329f8
354721f1
d5aaa8a0
f0b5e596
d6f00bb3
5712400a
0ea2feb3
086adbee
946decd3
0e760f3c
1bf71e50
5f88dca6
cd8cfdea
d141fa2a
418016a9
bb72c60c
d57f0d77
d8020c72
672b129a
1138de0f
026ff222
947726d7
132f1f29
1033f99a
4a39b3b1
d00500c4
f0ee207c
e4245856
306fcc93
f692d2cb
f02fbd35
f03f5996
1ee91e59
1e111d46
db4b9bc5
d95a008e
f27e007a
53a14a98
10eddf3b
f112f4d4
991fe6c7
1963288e
2461fc56
58c3e8e8
bd4aed45
de041de8
ccd22edb
5510e12f
08e9d403
0ba1d846
bce2506d
12c521dd
09870c59
16c59184
dbad029e
fc5f1234
1e3f65d7
15c9d400
eb9fe47e
c07abd24
10a241bd
2c141130
439315ef
bafac49c
d4350f06
d5f80a22
68e81018
1265de8a
0521f2d5
95a8237b
13d71f26
11d3fad2
4b7db496
d13801ca
f08a223a
e57d57fa
3162cea8
f8d1d363
f36cbd1f
ef56578b
21991f57
1c0c1e38
dbbb9bd0
d9ff0008
f1370144
55554b8a
11eddf1b
f13cf46e
9854e513
1a4428cf
22d6fc16
597fea47
be30edf3
e0481cab
ce2d2f27
5480e104
0997d642
0c4ed85a
b934500d
1441233c
0a730c44
173d92e5
dc7100c0
fcb210c9
1bff6680
167cd6d6
e98de3da
c159bc6d
15104290
2b320ff9
433a1570
bd54c420
d4870e4c
d86a08d1
665e1201
128add7e
0430f3c7
940824b3
14de1d60
11dffa2e
4a22b3fd
cf7202b8
f283206c
e5735776
3082cd63
f7a6d456
f16abbba
ed5f58ed
22371ec2
1b7e1f3a
dcda9f87
d8e501ed
f104021f
54214a4a
0fcade2e
f3a2f4ec
992de5d9
1a1427d7
2407fb42
58bbea86
bc59f0e1
debb1ce5
22e114c8
c300c07d
c5bf2826
f6b5f96a
5f3017f8
145ec30f
f1ee1184
a25b1897
1c7d3042
0ffcd5cb
413cc6b9
c313f74f
06343eac
e48c3fbb
3bf6d40c
dad8c3cb
0194d53b
e83d5436
40041e4a
02360cad
e68aa1b4
c24e0e8d
14ec02dd
450f4351
1d54cba8
d32506c5
abeee490
18b23a7f
354cdc99
4371f665
bb85e601
e0d33e54
dce014a2
5609ea88
f9b1b9ac
0aa3f9b2
bb834569
2b462c7e
f838ed18
17d9a1ba
c5a8ff41
1ce523a3
127f5725
25e3ce79
c5a2e2cf
d6dccae0
07954ad6
47ccfca0
238215cc
c2d1bfde
c72d2839
f6bdfa11
5e7c1998
1222c324
f37710fb
a24e1784
1e6231f8
1063d572
4128c654
c463f62a
03e23fbb
e5343e60
39e4d435
db6fc317
feefd810
e8765530
41421e82
00800c92
e851a2cc
c2570f56
14fc02a8
41dc4562
1b97cd13
d3770635
ae10e3d9
166937ad
341eddaa
4303f65f
b9e8e2c9
de644038
dd9a1326
5668e86f
fac9b909
0bebfa0e
baa14749
2a632f2b
f812ecae
1ab1a1c5
c73bff93
1ccd243a
10a854af
24abcf77
c749e281
d5e3c9ce
09434a0d
4779fc1c
22501523
c2f4c03f
c609285b
f3fdfa91
5f8916fe
1350c42e
f34a1135
a02d1977
1bf93272
12a6d642
40adc606
c2c6f6cc
03dc3fe2
e5cf3c59
3a41d404
d827c2ca
0105d693
e75354de
3f321cea
feac0c7f
e481a4a7
c2f60ec2
144e0248
42c24526
1b7dcc21
d3c10681
ae5be34e
18c6391b
332bdeb1
43b9f911
bb08e224
e0103f3a
ff210a20
cf99ca27
b65f347b
1724f279
495310e3
1977b6f5
da2a2740
bcc11344
1ab63bf1
1a36b6b2
28cddaee
c81cee22
0a315baf
f1041ee0
3666df75
c938b01f
075bfa5c
eb2c4507
528523a4
e835f140
e992b890
b4330dfe
37560d4a
32602e7b
26bbccc5
b25f0c06
ca3cf05f
0c1b39c6
49c0cc85
1f7ffcb6
c80ae1fc
d56a5654
f49afab8
45e8eeb1
f72fa790
fe4b1bd9
cd7c3503
327b3c61
f174cb17
1183bafc
c195f878
32f43fcd
0d973794
2a9ad6a0
a96ddc6b
eda3e521
025e3e3c
60dbf584
01e40a75
d022cb52
b54d34c9
195cf2a4
4804110e
1c78b5af
d9582705
bc0e1398
193d3d51
1b95b560
2a62d84b
c7a9ed4b
0bd65b52
f18b1e0e
34c6dfde
c8c3b275
0864f9aa
e95444ea
524a2753
e977eff5
ea07b7ea
b3140f86
354f0eaa
33663299
28b4cd8e
b0f40e5f
cc8cf098
0cd53a69
4bdbc7dd
2231fae3
c9bde362
d7c6580a
f6adfd85
4572f00b
f650a77e
fdf01dd7
cc0135cb
33653b68
f153cabe
119ebc2b
beb0f9e5
32ea3ad5
0b563601
2c2dd6aa
a9e7da42
ee5ee68b
01873ec8
5ef2f952
017b0a21
cf3cc9a3
b86b3510
1932f161
490d0fc5
1ac9b500
d8c12850
bdb91504
19123acd
19fdb503
2900dafb
c77beeea
09445dba
f1991d23
342edd78
ca1db1dc
0695fa4f
ebab43f2
51922451
e6d3f031
ea73b68e
b28c0eca
36430d0c
3236305a
27c0cc80
b26f0ee6
c80befbe
0e0637b0
4a55c9f8
21b1fdea
ca88e125
d6c95877
e694f2ba
daace6a6
ac1031b1
3761f7a9
305cfc1e
2329b961
c002321d
dfeb1858
0b42351c
2ac3a261
06ace90e
d9d5efc9
059e6db3
06eb00fb
20bfe729
c94ca2bc
027f1b08
fc422d64
55ca3039
daa5d3e4
e53ed870
b0ef03ee
4b9a1efb
265f0dee
2b15daed
9b160895
e6c703a6
05f6260c
5dc5c5dc
ff99f870
db90f285
cb4360c9
1659ef3f
2788eca5
fed29edf
ebaf37c5
eb582ac1
2c4541f6
f551ae62
fa59d89a
c9cbefbf
3a7452da
12351180
2378e757
9e55cd50
f8a305dd
05292631
6d3dff76
e627f46c
da42e72c
ade130fa
3745f702
3176fcf8
226cbc0f
be223214
e05319f3
0ed33531
2aaca529
0952e840
dacff0c2
04766e1f
0930010d
1f69e7c2
ca17a1e7
039c1c6e
fc842c39
53ac2f9f
d919d4d5
e3ecd93f
b19d04fc
4b971e06
26b21041
296fd994
9ab908bc
e6a307ee
02f52896
5cd8c479
fc3df9b5
dc7bf210
c9c25e0b
172aefdd
28b7eb33
ffed9f4c
ebf73573
ec882c82
28c14092
f4b2ad95
fa35d75f
c96cef63
3af852a9
109313c8
206de6d1
9d5dceb0
fc5f0523
05bf2851
6ad6fd87
e665f395
d944e781
acc431c7
3779f651
311afab5
2393b854
bd33340c
df1118df
0d063770
2bc0a3d5
0568e898
daa3efc7
06616e2d
086201a6
1e2ee74e
c7b6a3d1
02551c47
fd3c2ddf
52f52db5
dc77d425
e5c3d86e
b33505b5
4cd41f5e
27a210bb
287bd8ec
9b0f0996
e5e50566
048a2914
5d84c522
fd42f8dd
db78f173
cb0b5cef
d745dd6b
d9b5096c
b11721ab
4c000249
1c1bdd81
245dcf18
ae283058
fdb02bee
ff2b21fc
3654a264
e51ce887
f585ff80
fbef6fbe
22c4f24e
fe45e8d1
d27aa287
f6b0354d
1a351b1b
44813417
dda0bcea
d3b5f86a
c4ccf749
53622e11
26f8ec22
1c5ff12d
93610041
f79f21f7
06090ac2
61f9ce6d
e12dea64
eb550c1f
c3df5593
3157ed96
0951dae6
099ea8ac
d8f93ffb
0e752b99
168438f0
ff639f43
dc41eb04
e6fbefeb
37365e46
2279f579
04b4f5d6
a072c47e
fd682742
16420b91
69530918
d821dbc6
da700a5e
b27a2235
4ceb01a9
1c8bdefa
236cd014
ad9831ea
009f2bee
fe21212d
36b0a173
e544e90e
f41ffe5b
fd116fff
229fefb0
fe9ae8fc
d370a00b
f5823590
1b941cd2
440b3348
dbddbe90
d518f7ef
c48ff556
530d308a
249ceae5
1e3beecc
9202018d
fb0522d8
049c0ad1
6401cced
e244eac7
eb4d0d3d
c4fa556c
327dee05
099cdaa1
0a57ab37
d8cd41de
0ddb2979
18d93777
fe5a9fb8
dc5be949
e4b3ee95
36015efb
206df225
0615f4ff
9ffac528
fc62234b
15f509d3
67200781
d9fbdcaf
d9ad0a48
affa2194
482c00c5
1c0bdd8d
25dfd0d2
aeca32b8
ff912a1f
feca20bd
3640a211
e4bce708
f500ff36
fd80712d
22abf1fa
fd8ee8bb
d342a213
f43032ba
19b51b3c
46b8337b
daeebc1a
d4f8f87f
c3b9f68a
540f2df6
24fdeb6d
1f64f050
9348fd3c
f9372220
04320a61
63facd4d
e168ea76
ecca0d3c
c4315516
d8e0cd85
d0132d00
c4540f6d
4edc0be3
1360bbe6
1b79eb83
ab302805
15464129
f9e3fe98
380faee1
cda7deec
0e561789
f5096096
35b5ee7b
db04dc6f
e354b2a1
e5de3beb
3e7a128a
2ad62bb1
e387b5f9
ba570dce
e08df2fb
4afc3675
2dc2cfaf
034704d8
9cd5f6f6
ff523b19
10dcea25
58c5d917
d40ada19
f5da3132
cb643fe9
3f39f840
f305c293
0eaac406
ce703e12
2ea03299
03762187
067fa4c0
bf6bf0b7
03fdf9b3
2a3259b9
341ae3b6
e39efe11
b40cc833
f375378b
31eef132
53d90e4a
d79acd49
cfb12baf
c3fe0f4b
4d600db3
1585be60
1a07ebd7
acf128cc
1316417c
f88effcd
38f6addb
cd57e07e
0b84197b
f78d5f9d
3704ee03
da5adcf9
e1e4b3e0
e9c33c62
3ebe1586
29612c7f
e501b63e
bba41146
e11cf26b
4b66333f
2d42cfbd
03ce0403
99f1f8d4
febd3d9a
0fdde755
5807d914
d5f1d8e2
f2393012
cc513f48
4056f727
f0f8bfad
1096c493
cc093e88
2e5d356a
03c21f86
0904a4dc
bfaef018
037ef87d
2a03592e
33a7e0ff
e2affe5e
b0d7c78b
f5e436c1
3116f2ad
52310e77
d6d2cbc3
d0a32a7e
c5010f42
4d8a0cab
13e5bd7f
1a78ee22
ac0a2600
13f8413c
f9d6fece
378baf1b
cd13dfd5
0d471a5b
f5fd5de1
3815ecd6
d9c0dcd3
e339b2a7
e8883c79
3da413ba
2a292b5c
e328b572
ba600e6c
e072f107
4a64351b
3071cff3
03090508
9d5df94b
fdc73c84
1073e8bb
58fed879
d529d95c
f2e9313c
cbac3f7f
e201cb93
be814354
e56d03c4
41021056
1801a32f
046907f1
bc421e5d
179a5340
fc28dbdd
2a41c1e8
c475d63e
1a143b1d
f9164324
3d3cf789
c08dcb0d
f021cfd7
e2d633f3
5aab197f
12651694
eb9dbef8
a2fe1808
0651f6c4
3c3c2d14
3bb9c228
e34013dc
b1d6fb74
f72147bc
23a8d00e
3beae1bc
d89bcfc9
eea94f05
dccd267e
3a1a00a5
e7aca63b
09d6e6ae
d2a73190
41a04317
f482ff0a
06bfb629
ad29ebb4
20ff0f39
23ac43df
444be005
c360f909
c897d9bd
e9c93b3b
4ff6e516
33640973
e039cb40
c0a14175
e4430436
40d80e7d
1988a5d9
04f406de
bbe11dca
1937535d
fd1ada9a
2a90c0e6
c683d5dc
18073955
fbcc45b0
3d38f547
c197c962
eeb8ce9a
e1d73385
5a1f158c
101c1633
ed33c0b6
a3fc1765
0356f7ee
3bf92bb4
3c85c1a6
e1f413b3
b453fa3e
f775476b
2450cddb
3fe6e3a8
d757cf2a
f00650fa
dee328ab
3c30fff6
e6fca60d
09eae6b2
d23c2fb5
41c34369
f7d3008e
05b2b645
ace8eb10
1f150e13
21d34316
435de45d
be30fbe4
c675da6a
e95d3aa5
4fd8e484
32e4099c
e2baca7a
bf5d4256
e5480251
41e70e3c
1837a5e9
053f07a6
bc811f35
171a50b3
fee2dcd4
2ab0c0d5
c438d502
17e73860
fa0143ff
3da0f672
c2e4caaf
ef15cfbf
e12e36d6
5b49175e
0f1d1510
ec83c055
a3f518fe
0521f857
3bef2af0
3c00c15c
e2be131d
b5c3fa32
fa394930
2447cd5c
3e71e27f
d6b8d0b1
f0354fb7
deef25f4
edaedb31
aecc477a
080802e2
2b6d0581
240a9972
e83a1c09
dacb1e15
0fda599f
0b36bf4d
0e67d258
cdbcce43
1a8456bc
0beb2739
33cb00ec
b653b668
f041f3cf
e9ef2304
67e4202a
fcf8f8fd
ef51dacb
98e613b8
24220930
2bfb1310
44a9c452
c2581640
d1070b8d
ef3f44b2
3b33c031
1b34e4e1
e5d0d4ce
e49b6500
fdcc15a8
280700e9
e9309486
f9710821
e64a2430
43d44f2f
f388dda0
fb1fcfd7
aa08e247
307529a4
20f82451
478eed65
a956edb1
d93af677
e70f2c54
6699e5d6
11caf918
edb9dc59
ad824a94
0a7c01b0
29bf04d2
209b9cc9
e6e81b94
db691d00
12fd598a
0cdfbee5
0c9ed2f2
cdeaceba
19de57a5
0a19242d
3170ffef
b670b70c
ef5df42c
eaa521cd
69de2165
fda1f8b0
eeefda82
98a51382
237506c9
2db9107d
43f7c4d8
c46f14a4
d0fb0951
ef1144aa
3b2abdba
1a9de423
e749d3af
e414653b
fd6313bc
291d0322
e93b93a3
faa605d7
e8062230
44db5069
f2eddd9e
faf8d1ed
ab11e0e0
32162951
21432205
43a5ec64
a798ed14
db48f653
e5b42c7a
6435e520
1359f7ce
edf4dd02
ac2649c6
084000c5
29b00325
228b9f22
e9ea1d51
d9cb1f31
102e58b2
0bb4c12d
0cf4d016
cd24ce73
1b545379
0af725ea
33860116
b590b581
efb0f593
e9392099
683b21d8
fcc6f646
ecead84f
98da150c
237906e0
2cf7141b
458dc42f
c481147a
d0bc0d0c
ee0d43b1
3b11bc54
1afae427
e746d2a9
e625664d
ffbb11cd
f2a7faaa
a8354282
259e09fd
13b8eb59
2b1da565
cf722127
fab32982
04884f52
1b0bb1fa
e77fd8f0
e19bd2ac
157a62ff
25690cca
19090407
b8d0aa7e
e6f415f7
01ad0c9a
68a229d3
f5a7d8b6
e262f8b2
9b9008d3
370c1a66
2638f0d2
4270d4ec
af160de5
eaff264c
e87f2fe6
4b07bf0a
f823d98e
fa2ae67a
da856688
1ec70bb0
0b00f6fb
ef8091ec
e44d1bdc
07fb1e80
38c05080
fd2ac391
dce5e924
b89bda6d
37723e73
2d34015c
373dfb5e
a0bfdda3
e2ed172a
ec6c13ee
6cd6ecd6
fb65de0e
f47cfac4
a6714361
26b60a77
13e2eb58
2938a6af
ce9c1ffa
fb6d2980
04845025
1bc3b15d
eb28d8e3
e037d2d6
145f6233
25780b22
1918065e
ba23aae2
e781147e
00a00e1f
66b52b15
f53fd8d4
e3e2fa08
9c6e0ad8
352b19bb
25d4eeb8
421ed411
b0530e8a
eb6a25ec
e8bc30b2
4aa0bd45
f91fdb6f
fa76e656
dbfe693e
1c560c87
0b06fadc
f2b89234
e40e1aa0
09981b52
37f951ae
fa78c2dc
dda9e698
b968dc2c
35af3cfe
2b6dffd1
3609fc3b
a034ddbc
e2391ab1
eee510db
6d65ee10
fac0dfe3
f3f2fa69
a872447b
27420904
1569e98f
2af6a5b7
cf522210
fd0328d6
03725088
1c6bb2af
e95bda26
e1aad343
12ab635b
243d0dbd
18ab065e
b932abfc
e6651301
02db0e66
67922acc
f41cd95c
e334f8b7
9b5309c6
34a0182e
2427f026
4286d4ae
af130fbb
e92c2763
e94c2fca
4b2fbcda
f897da7d
f682e849
d9516812
1e7c0cd5
f0811e7e
b10f354b
33b817c7
068bc95e
28f5bb7e
c1c71b4e
1a193e71
fa73351f
2673b4c3
cc0fd6cd
fa97e970
09836130
3e190075
f5b801b0
c55ead50
d7132913
212e004d
54af282f
f835c693
ce5815fb
b283fec1
37922a6b
28ddcc35
30b1ea8b
aa380550
f8514501
ed7310c6
4ed9c5e2
e1f5c841
041b062e
d5bf5a5e
36080f29
ee62e21c
fbdda24d
d2232454
2bfe21a8
285743f4
07e3bb33
bdd2f7fe
d4f0e13f
2dfe46bc
3ec1e688
17e60862
a936d9a6
dfce3829
0261f612
6636f62f
f171c8b1
ee761c24
b1fc330a
35b617fd
0654c88d
26b1bc87
bf951bbd
185a3da2
f98d362c
2582b2a8
cad5d63e
facfe80a
0b2560ad
3e620030
f7e8010c
c56bafb4
d6b1279f
219ffe47
52d72ad3
f95dc559
cf8b15aa
b068fe52
39f22827
28adcda6
3184ec43
abf403ce
f5d34359
edde1011
4edfc770
dfc6c994
0598054d
d6725925
379d0e56
f00be08a
fa6ca172
d21e22ed
2acc2163
25d2445f
075fb9eb
bf5ef629
d4ace11b
2eb145aa
3f8ce71f
18bb0729
a866d911
e15b3595
038df6d3
6360f612
f072ca88
f0371de9
b091330f
3485174f
03eaca57
2a3fbc5e
bf801ba6
17d03da8
fa633564
25b2b5ae
c868d62a
fbcae77e
08875e09
3f1d0121
f7d40267
c35bafed
d67d27da
20e60050
535f2c5f
f905c6a6
cd7614ed
b2fefe3f
393129da
2920cc55
30a9e982
aaeb039d
f7944344
ec020fd8
4ea5c75b
e13ec8c2
04af07b4
d7255b2b
36fc10dc
df9b3bf5
c80f2479
33ba2044
028ba9fd
185fd9f4
c4181476
272c542a
f7cd1244
2396c327
b56bcbc4
0fb60401
08b04ca4
51a30152
d877f0f7
d3dfc163
caf82a83
4454fc4b
3b741e23
02aec335
b3c328cd
d193fca2
2f1629bc
358eb396
13d8fd9d
b9130035
f6be5959
fde9f224
3dfdd3ff
d782b8b1
06cd2796
e05d459b
42b41901
dad1c65f
fe8bc078
c7881bc6
488c2fa7
157629bc
0d98c471
a37ff8b5
f385f02c
22583f0b
5366d9b4
f66b0999
ba83df5f
d556460a
209ae333
4a8af616
f685b9bb
df433c0a
c99c252f
318b20a6
01cbaab2
174dd98d
c34c105a
268a5534
f951133e
2113c1d6
b521cb9c
0e12048c
079a4c5a
516501a5
d61df121
d20fc44f
ca032c09
4681fe0d
3b061c98
02edc331
b41329a7
d0eefdbc
2ccd2b26
3626b344
150dfdff
b974ff60
f8e25ba6
fecbefdf
3dc0d294
d98fb750
08992ad5
e19745b9
4026175d
dbd5c5e7
fc1cbd6c
c9281bf5
48922f37
14452799
0e5dc379
a217f80c
f266ef61
239d3d14
53a6d900
f5050b71
b9fae0f8
d56544c5
2129e359
4a49f887
f3eabd02
e0553db9
c8f22224
33c12128
0189aa37
1b52d9d7
c411124c
270653ac
f849148a
22cdc045
b531c9c6
0d3603e0
087f4e4b
50f10092
d6edf18f
d288c28f
c9ae2994
42b3fdd7
3b801d3d
0442c34c
b2422707
d2cbfd41
2ba72a68
36e6b389
1433fcc5
b8ccffec
f8345b96
ff55efc4
4041d3fc
d70db8c8
06732a66
dfd44629
40941951
ccc64d4e
ee0e1b33
215e1fa0
099d94e6
feb2f3de
d8750bc2
26cb66b6
026af0d4
108fd539
af3fc1b1
17c72625
0e1d2f53
54d30aab
c141dc09
da22e2ab
c6ad1fe7
5e280458
22d1048a
0931d05b
9d422ba1
f631093c
1f1d1d56
4311a7da
f3740544
d2ca0794
f0da642a
14f9d9e9
2051da71
e009b004
feb3486b
fa872f31
37b32102
d479ac3f
f1e4df6f
d4e60ddd
57b73ef0
0be7062c
09d5d83a
9420f0cb
0d8b09fa
1e172306
5e79dcd7
d2a9ff32
ce37f60e
cc954345
3dcfdacb
2b9ced0a
00eec055
cc5f4dbb
ed991d1b
21a31f99
0c619508
fe24f370
d8700cc6
26ea64ac
02c8f038
1100d43c
b210bf26
16982531
0f3231cc
53980b94
c269dbd5
da5ee1e8
c79b1ff5
5d3f0630
239c0221
09e6d1e0
9d1c2cb7
f3190813
1e931e1d
44e8a966
f0830695
d2bd081d
ef9263cb
1579da22
20cddaa2
dfc5b20f
017c473a
f99a2e9a
393e2050
d5ddac3f
f1d6e117
d30f0f1c
56723e58
0dc7061e
0991d81e
9255f014
0d420a62
1ffd263c
5de0da18
d484ff76
cd4ef68b
cb124199
3e7ddd6b
2b61ee8d
fe0cbcfb
cde64d3a
ecc21bd4
235c2114
0a3b96b8
fe8df16b
d8e70bc8
280866c8
008cf07a
1151d480
b191bfb8
163a2554
0fbd2f1e
548f0afb
c056dcf2
daf0e0b9
c7851e34
5e9503c9
218f04c2
08f8d24d
9dc52b96
f39307ed
1ed31c03
447daadc
f31a05ac
d3090825
f19a6310
13ffd885
23cadb4e
de8bb0ad
fef147b4
f9953093
38bb2053
bc315265
0dd41dff
0c1c0e7c
15bd941a
e02c00e1
f64d0f63
1e9b68af
134ed73b
f1c1e29a
bd7abb46
14f9402f
2678137e
45c813f9
ba01c7e1
d56e06e9
d57b0ebd
68b30fff
149fe33a
0705ecc7
9587259f
106b1bef
1116fec4
4a5fb042
d4a503ff
ee6f1c3e
e69d5bc9
2c3cd150
feacd573
edc0b820
f1e95778
1a141efb
22351f24
d9759ca2
df27feef
eb4b032b
57284b2a
111ce2b0
f71eef6f
9668e70c
190a23c5
2179032b
5be9e6aa
bebaf029
daad172b
cb73303b
5189df5f
0ea8d9fa
0a8dd410
bcc75248
10d91e84
0bfe0c7e
14ba947b
e1d90102
f7341013
1f24672e
1445da6d
ef0ae25d
bd5ebbf0
138141cd
277f13f1
4641152a
b948c9ea
d74608e1
d3430d9e
688010ae
1392e144
069fecf0
959d254f
0fda1a21
126aff41
4981b1b9
d46f031d
ed931cd0
e5605b7c
2e56d062
febbd65d
ef2db9d6
f19b5753
1b751fea
20e31dde
d92e9f05
dcb8fddb
ec9d0473
5583495a
0f5be56d
f6d6ee62
94d7e6a5
1970262e
208801af
5d5ae822
bea3f17f
dc221584
cd793161
530bdc9c
0d25d765
0a36d3bd
be4b52e4
0fe31fd0
0b890e3d
15169131
e1fdffd5
f5ef104b
20136716
1440d90f
f172e1c7
bc53bd29
159940b1
252c1533
45271192
b9a8c93b
d6640746
d32e0e08
67b010b6
133be33b
062deb95
953d258e
0fd51b7b
133ffffc
47bfafc5
d4c50124
eced1add
e5535931
2adfcd75
feb0d577
ef65b680
f15f58af
1acd20cc
20e91e77
ba524774
28782afd
fb2cf3c6
194c9e8f
c8d1ffb2
16261f20
14b059a9
2621d194
cd79e271
d2d3c6a4
0a2a486a
4328fea2
289614f6
c0eabe3c
ca8a24fc
f025fb3b
5f9b1965
1283c85c
f5810b51
9ec51ab1
1bc92ffa
112edb61
4160c2d9
c382f9b3
02183b59
e58542ec
3b61d2e7
defec70e
ffcbd138
e7b05566
3af01cc7
048a0f79
e4c4a013
c6d50e4c
0e6f0216
46b14773
1837d0a5
d84105d9
a8b0e536
175b37d4
3093e2ca
4857f6dd
bb2ce3a3
df763a9e
d7451a3b
572eeb95
fcd0bc09
0c15f365
ba9e4652
27542c05
fa56f31d
1a379ec0
c8e303ac
19781fd1
14a75925
22a3d084
cdaee409
d3c0c525
0a9649d7
42a0fe7c
28a112f4
c19fbea2
ca4623bb
ef72fa4c
60471727
1369c623
f6c80a61
9e6a18aa
1e712e59
10cadda6
4317c210
c1bef9cb
01493aa4
e45b4301
3b35d006
de75c7e3
fe8fd0cd
e7f05851
3a6d1bf1
0571108e
e3619ee8
c6010e8a
0f62ffa0
46dd46ec
19c7cf1d
d7990573
a96de20d
185c374d
2f9ee2a9
48baf587
bbcce5bf
e0923a96
d9ed170b
548ce9e7
fb71bea5
0bbaf396
b9e74827
28c82be6
f854f19c
193e9f45
c8f4027c
176920b7
13e95bb4
2371ce6b
cc69e2fd
d3b5c644
09464b0a
42ebffcd
28701583
c090bf35
c899237a
ef6cfba2
60bd15ac
1441c7b0
f7250b5d
9e771aec
1d903009
1197dca8
43d1c2fb
c43afa26
01863a39
e3f742fd
399ad3a3
dd94c798
fde7ced5
ea1b5657
39ca1b64
03ed1056
ca0d3847
33593a9d
efe1cf2e
1277b739
be7af83e
2fc73815
0be83c21
2b22d695
b127dd12
e7a0dd95
0308429f
5beff713
07c0093c
ccb6c8c7
b7a53457
10c0f235
4db213ff
190db5a3
dcd925c2
b743152d
1a7d3bcf
17b0bc80
2e91d57c
c5fcf056
07e3562e
eebe228d
3719db87
ca8db23c
06ccf486
e86f4646
4f0e24fa
ed17f7c5
e909b4a2
b41f0ff8
2f600d4f
344f344d
25bccae5
b6e50c87
c5a1ebb4
1068395a
4695cbd9
290cfcf7
c60fe291
d75c5398
f2d000d5
48f5f1ae
f8b0aa11
0184157c
c84437ac
3218381c
f138d016
14deb89f
bef2fa11
2e9f36ce
0d083ad9
2cd3d523
b044dd9e
e926e03b
03644119
5b83f8d4
069f0c3c
ced5c947
ba35345d
1002f357
4e6b1439
17ebb696
deda2545
b9b813a1
1bb23c01
178eb9c2
2d4cd7af
c6daf11f
0ab458e8
ee062456
3683da92
cac1b454
04ddf328
ea104779
4fae245d
e9f2f800
eb37b24a
b3c50ec9
303a0b3f
343e34f4
25a5ca0f
b9910d22
c3feebee
0e243b99
4675ca02
258efe3d
c653e1e5
d9d053f8
f344fe87
4744f052
f632a876
01a714ef
c932385d
34873adc
f139cf57
143db74f
bdb6f87e
2f5c38a8
0abf3a77
2b20d6a5
b0d1dde2
ead6de35
042442ee
5be9f757
06850b8b
ce3bc7e4
ba6434ed
12c8f3a9
4bd612a0
1878b65e
de9b2446
b70014c4
1b3a3b43
1a0fb997
2d74d71d
c6bdefc3
0a3857ca
eebe234a
376fdce1
ca98b30f
0581f2b9
e7f946b2
4f942318
ec37f784
e5f32a98
2daf41ae
f237b21f
fd50d234
c709eefd
3adf5021
0f231aa9
2515e4b8
9f3cd08b
f8ef02d1
03c62992
6c0efd91
ea65f9b8
d9fbe1e0
ab503151
3266f796
34edff8e
2180b72a
c490316e
d82c17fb
103f39c4
27d7a712
0dabe52c
d737eeb2
057c6cbb
02f50751
23bbe736
c708a546
033f170f
fa3d2ff1
54fa2f09
dbefd8e3
e6bdd2ab
b34005ee
4a0d1c3f
2822167a
2a9cd5e5
9ef50af1
e1db0285
057d2ca0
5a9fc4f0
0444f9b8
d700ee67
cd186058
1065f0bf
2e40edd6
fd639f2b
efdb316c
e4a92bed
2ce040f2
f2eeb1b1
ff0ad3b7
c705f19a
3a534f86
11551944
22cfe430
9da1cf54
fa4a00c2
02e82b32
6b17fc75
ea02f897
d95ae0d7
ae333287
33e0f59c
356f0038
2108bad3
c25f339a
d90e194c
0ebd3990
26cca608
0df9e643
d745edaa
05b46be1
023506db
23cbe779
c86ca3e4
05d716fd
f8823168
55b62e75
dc9dd8ab
e781d2f3
b0f90703
49b31b95
295614e9
293ad5a1
9ecc0ac2
e2b5014c
05e72d4b
5aefc2cf
03dbfbb9
da46ec58
cd685f28
1197f0ce
2db4ebec
ff899d80
f07132c9
e38c2bb6
2d7d417c
f271b164
ff94d2f8
c6f2f0a7
3aff4f60
0eea17dd
2549e40b
9d49cefd
f766ffc0
045b2b6d
6b88fdad
e978f996
dad0e3f1
ae7b30f7
3304f4d1
33cfff4f
2218b8d8
c2803254
da131758
1153373c
2846a6d9
0e7ce5f3
d5ffeee6
07726af8
02880726
2342e7b6
c7eda3ef
050c17cb
fa433234
54ee2e3e
dc59d8cd
07c928fb
1a7e3c1c
fb48a15a
e18ae6e3
de71ee8b
38135e07
1de8fa4f
0b9cf593
9f3ac4a5
fee720ff
12910fa6
6a2f0726
d8cfdf5c
dabe041e
afc224c8
49a9004c
1fcbe1f2
25d2cc18
aff831e4
fa23257c
0254255c
37ae9ff1
eae3e9af
f05bfbc7
fde871cc
1efaf266
03f6e892
d311a032
f8933078
14ec1d74
48ae3456
d9b6c12a
d893f4cb
c143fa1d
524a2c54
2470f2fc
209eeaa4
935c022f
f60b1da4
030a1028
641fca80
e6c4edc7
eb520804
c47c5989
2e78edbf
0f25de1d
09caa6f0
dada3ffd
089628b8
1a363b25
fd39a1c3
e081e73b
df17ef5a
399c5de7
1edffaa0
0d0bf324
a08ec55a
fca1217e
12660f50
686a06f2
d7bedf68
d9630541
aebe22f9
48ccff17
1e40e56a
2721ca85
af393269
f9b72696
012a272a
3489a0cd
ead2e9d8
ee8afb34
fe8c7082
1e2bf298
04a8eb19
d15fa154
f85a3142
163f1f0d
48f1336f
db63bd51
d82cf0c5
bdcbfb77
560b2b7f
2187f449
20f1ebdb
9439031f
f59e1b97
03121015
643bcaa8
e5e7eddc
e8730652
c7145acf
2e80ef36
0efcde4a
0800a716
d9963fff
08cd2a99
1af83a3b
fb80a1e8
e232e84a
de56ec1c
39a95bdd
1c03fa60
0bfcf434
9f00c5cd
fcb01f94
124e101c
6a6607d2
d955e1d5
d9bc046a
adea2540
4a210196
1e74e266
25e7cbfb
b0133365
f9e325e4
020124b1
3385a0f8
e930e9d9
f01ffa7d
fce1705a
1d31f361
033fe894
ceaea1b8
f847311d
15da1eec
492e3328
db55c066
2a1c3128
05e926bb
0835a0e6
c4e4f117
fed6f877
2bf65b02
3147e52c
ea86fd07
adafc6f3
f4cc35ae
2a4cf690
577f0c47
d80ad07b
d29726d3
c1ea138f
4e4d0a11
1626c2dc
1da1e7b2
aa7d290b
10893dab
fa9b073c
38e1ab10
cfd8e2eb
08b5149f
f5476351
332bef03
e247e090
e06fae2b
eaaa3c76
39621472
307a2d0b
e213b461
bf5c0c4c
da9ef3e9
5021355d
2c4ad3ec
0aa703fe
993ef991
ff0f3800
0da4edf0
5d7dd753
d764dcbc
f3032aca
c966448c
3ca9f5c3
f6fec4f9
0e01c005
cef13fbb
2a933158
03fa2665
0714a243
c2a9ef91
fe18f5a0
2d445e48
3176e66c
ea7dfe73
ad7bc563
f69e348d
2b33f5d0
59210e73
d766ce8e
d59026c3
c2fb1330
4f640b3f
156ec466
1d52e746
aa98297d
10fe3c15
f75a0604
393daa38
d05ae16a
080b142a
f47563cd
34e7ecac
e1d8df16
e060af33
eb163b5d
37a114c0
2f6e2ed4
e36bb76d
c0150c8c
dc58f3c4
4e583526
2b9ad306
09ad0427
9a06f9f7
fdd5374f
0c70ee86
5a4ed62a
d7c6dc32
f2ea29c3
c9504374
3e0af65d
f4c7c4b1
0f3cbfb8
ce773ef6
28853160
069026a2
05a0a1e0
c18ef04b
fff2f6e8
2d755d39
32a0e4bb
e988fcea
ac15c4a1
f74835c4
2b23f709
56c60f2e
d7b1cf11
d31b26f0
c0a414ab
4ebd0a64
148ac2e3
1e7ce73d
ab6d2868
112f3bb7
f90305b2
36d0ab3b
d1c3e25a
08c911d8
f5906417
3298edf5
e2bbdf40
e110af06
eb693b9e
37fa14a8
30822e88
e20db4b4
41d73efe
f783065e
09c4b367
ad29ee5e
1c070b09
21dd47ae
41c7e231
c638fa6e
c3dad3bc
ec203d40
4a67e72d
372b0c19
e0a5ca3f
c2553e13
df040446
43940f46
175ea959
098b058b
b7bb1ff2
172a4f28
fb23e234
2c75bc00
c521d661
18613263
f7db4a00
3d48f26b
c5d5cc74
ed35cb13
e288368a
56cb15d4
14b61828
ecb4be22
a69f15e4
0038f5dd
3f502f3a
3893c316
e7e21290
afd6fa7d
fb664841
2146d199
4275e2bf
d6c3d0fd
efc64c81
daab2b42
3ed5fe6c
e7d1a90d
0b8ddfe8
cfc43195
3eec3f26
f7a30468
0950b291
adddeeef
1c900c32
2443473c
40f7e135
c57bfb72
c42dd4e2
ea393b3c
4a84e577
38fd0976
e06cca5a
c2324068
e07d036a
451710c1
1980a8d4
09830458
b8b32004
1851502f
fa13e13d
2d44bdf5
c3d7d831
194e3501
f85c4790
3cd3f36d
c52ecdc1
ee97cad0
e0db3656
556316b7
14d419c1
ebd3bc6b
a91515e7
fdc1f5fd
40b3302c
399fc180
e70c1174
aeddf9c6
fa2449b2
2021d00f
4463e244
d665d179
f0fc4b64
d9332aa9
3e86fd94
e615a986
0b1fe0cc
d0b531c7
401542e3
f7a50475
07a1b240
add4ed32
1c460b1b
233746ea
4119e04d
c747faea
c2f4d778
ec4b3b3a
482de590
377b0ac7
e02bcc54
c1d63fa3
df0304d3
4203103d
1671a7a5
0818047a
b9a01de9
19b64fe6
fc83e18d
2c3bbda1
c317d761
184b34c7
f937484a
3ea5f441
c629cd61
ed93c8e4
e1e93663
55f714ed
14231af7
eb0fbcf2
45ae4d9b
f59fe2ca
fcf4c9da
a730e3bd
2fc32608
1f7d2963
4799ea85
adcced31
d791f1ed
e52c30d6
6131e587
17fcf9f7
ed99d6d6
b12c4851
02d3020a
2fdc0829
1f359c72
ec331745
d3ad1c9b
15865905
0955c534
1471ce5e
ca33ce84
1a7e50e6
073f295c
3533fed7
b76dba30
f020ed69
e7f926bc
685d1eda
006efce9
ef06d46f
9a1c14dd
1f7902e6
310015e5
44cfc300
c7d9174e
cc1007b2
eee14717
39bfbed2
216fe5ad
e391d113
e8cd6475
f6ef165a
2b950237
e80f95bc
feb8027e
e46324fd
45244efc
f26ce31d
fd68cc64
a7e8e393
2f912695
2096285c
4448e9cd
ac62ef5c
d88ef09c
e6852f72
623ee3b7
1702fae6
eb4ad80b
afd64aa3
032c00ae
2f9705a8
1ffa9c7b
ec6c182f
d3341ee7
14725911
0981c208
13a3cdbc
c95ece80
1a7a5022
066027c4
3610ffd0
b56eb8a4
efd1ee4e
e6cd26da
680a2058
001bfb32
efcfd1fa
9a221614
1f3504d8
2f6b164e
4468c10b
c7dc172e
cbc305fd
f06845b0
394abef5
2085e359
e317d14c
e6c8639b
f8821614
2bff025e
e66c9543
feec01fa
e3de23f5
46114da0
f44ae3c3
fdc7cc34
a83ee3d3
2e2923f4
21772913
4594ea91
abecf180
d7ddf067
e4c72eaf
637de2ef
19fdfb5e
ec92d8cc
afcd4ae0
03d100d8
2f040783
22c89bfe
ec2b1acb
d2ea1e25
12a058c6
0759c219
122dce6e
c9d3cfe6
19c15047
08702a3d
37f5008c
b433b6b4
f0dcefb5
e71e2608
675c1e2e
01d6fc9c
ef89d2c8
3a37528c
fa9ac83a
e37ae3c2
b3d1dd33
36543e57
29200685
3881f7c1
9fe1e172
e2eb1338
eaea18e8
6cfeed94
fd98e4cf
f246f47a
a939476c
21ff0830
1825f024
29b0a218
d2b3223c
f4822738
07575260
1895b319
f096d817
dea7d28e
140e60bf
211f0f38
1e590742
b96dac3f
ec3f0e77
fbca11b1
675b2948
f49ddd10
e67bf2f8
9c9b0bf2
351416d6
260af491
434bd2ed
b03010f8
e6d91f46
e8b631fe
496cbdbc
fef0dafd
f701e1ab
dacd6910
19550bbe
103cf9ab
ee199104
e7b3184f
00e21b01
3b7653ef
fa45c793
e3c9e3da
b490dd83
36083d69
2a7a0642
3970f9cf
a006e21b
e0f31330
ec5718f3
6c24eb96
fdd4e493
f2d2f4b3
a9dd4708
22a20985
15d8ef5a
2a57a279
d2f222d1
f7702438
073c5241
185cb28c
f1a0da71
ded5d21c
14b76352
2049104e
1e52040c
b74aa8f5
e9aa0d62
fb4a0fcc
66fd28fc
f674ddff
e821f275
9ac40ac6
334716da
2500f3cd
423fcf98
b0441134
e6c3205a
e9a03273
4c31bcd7
fc49db89
f50ee5e0
da4e68c3
196e0e3d
0ff4fa2d
f09f908f
e70119b2
00481df1
3c1351da
facfc8b0
e43fe48d
b5a2dbc8
34e63c9e
2a850708
3978f981
9f22e129
e1cb13ae
ec4e1869
6b1deb96
fdaee249
f2c6f45b
a8fc4516
218507cd
1694f195
2b80a250
d23921ef
f53f24a0
04de5363
188bb22f
f007d805
dcc3d141
134f6104
21811137
20dc055e
b784ac1d
e92e115c
f9ac11d6
672c279f
f728deac
e67af18d
2838485c
050cbc48
c56bf4d6
cd03deb9
2f75461d
3bb1e992
1e5106ba
a45fd8cd
df60311f
fe69fc70
66e2f4a0
f185cb8f
f260184c
b02636c7
365c1508
073ad068
292cb792
c2a61d1d
14893998
fb553a48
256fb385
ce8dd6b7
f7bce34a
0aaa61ff
3c1c02f0
fdf50339
c2c3ae57
da652482
1da60246
58cb2d80
fa05c7d8
d3b410c3
aef9ff18
374d2697
2844d1b2
357ae6da
ab3f0505
f5513d23
eaca16f3
5000c64d
e4d1cced
02d60170
d57e5e48
331b0d81
f47be7ce
f90b9dd0
d3b62304
24701d4a
2ac24780
0565bb12
c4a0f3ba
ce63db7a
2f484626
3b7eeaa8
1cc30597
a577da83
e14632c1
0071fc39
6459f3b8
f1f3ccfc
f0ad1708
ae9635bd
32f915e0
0582cf56
2a23b977
c29a1e53
14a0395b
fb433ca6
238ab33d
cd61d96c
f6c7e339
0a8461b3
3cf5ff9e
fe22056d
c248abfa
d89b2623
1c0d00bf
59392b5b
f84cc82d
d1de1236
ac54011e
37ef2404
27bed1bb
3565e7a9
a9600361
f5123e25
eb7c1621
4e5bc755
e481cc12
02e80254
d88a5ec7
32020e50
f386e81b
f8cf9ce0
d39820a1
25171e2b
28e14646
061cb991
c457f3bc
d037df41
2f1a4821
3cd7e942
1e280568
a55ad876
e2223127
fce5fd0f
6854f437
f226ccec
f0761838
aea73756
33aa15b4
076dce26
2913b889
c4201d66
123d3b6f
f9c13c9e
27ecb46f
cf21d7f7
f586e51e
0ce061f6
3b250186
fcf5034c
c2a3abb6
d9ac2653
1c9c015f
57532a33
fa18c6d8
d19c10cd
